-- Adminer 3.7.1 MySQL dump

SET NAMES utf8;
SET foreign_key_checks = 0;
SET time_zone = '-06:00';
SET sql_mode = 'NO_AUTO_VALUE_ON_ZERO';

DROP TABLE IF EXISTS `config`;
CREATE TABLE `config` (
  `config_id` int(11) NOT NULL AUTO_INCREMENT,
  `config_group` varchar(255) NOT NULL DEFAULT 'SITE_CONFIG',
  `config_key` varchar(255) NOT NULL,
  `config_title` varchar(255) NOT NULL,
  `config_value` text NOT NULL,
  `config_updated` timestamp NOT NULL DEFAULT '0000-00-00 00:00:00' ON UPDATE CURRENT_TIMESTAMP,
  PRIMARY KEY (`config_id`)
) ENGINE=MyISAM DEFAULT CHARSET=latin1;

INSERT INTO `config` (`config_id`, `config_group`, `config_key`, `config_title`, `config_value`, `config_updated`) VALUES
(1,	'SITE_CONFIG',	'site_name',	'Site Name',	'Regal Investments',	'2017-11-03 04:36:26'),
(2,	'SITE_CONFIG',	'site_title',	'Site Title',	'Regal Investments',	'2017-11-03 04:36:26'),
(3,	'SITE_CONFIG',	'meta_keyword',	'Meta Keyword',	'Regal Investments',	'2017-11-03 04:36:26'),
(4,	'SITE_CONFIG',	'meta_description',	'Meta Description',	'Regal Investments',	'2017-11-03 04:36:26'),
(40,	'SITE_CONFIG',	'site_mail_address',	'Site Email address',	'prosper@regalinvestments.ca',	'2018-01-15 04:56:28'),
(77,	'SOCIAL_LINKS',	'twitter_link',	'Twitter Link',	'http://twitter.com/',	'2017-11-03 04:42:10'),
(64,	'SITE_CONFIG',	'site_address',	'Site Address',	'250 Yonge St. Suite 2201, Toronto, ON M5B 2L7',	'2017-11-27 21:40:00'),
(65,	'SITE_CONFIG',	'site_phone',	'Site Phone',	'+1 1654 2012 21',	'2017-09-02 07:36:39'),
(102,	'SITE_CONFIG',	'contact_mail_address',	'Site Contact Email address',	'prosper@regalinvestments.ca',	'2018-01-15 04:56:28'),
(79,	'SITE_FACEBOOK',	'facebook_appid',	'Facebook App Id',	'aa',	'2017-10-27 06:21:30'),
(80,	'SITE_FACEBOOK',	'facebook_secretid',	'Facebook Secret Id',	'aaa',	'2017-10-27 06:21:36'),
(90,	'SITE_CONFIG',	'site_footer_text',	'Footer Text',	'Regal Investments is a subsidiary of Regal Holdings Canada, Inc. This website is managed and operated by Regal Holdings Canada, Inc. ',	'2017-12-10 11:51:14'),
(103,	'SITE_PLAN',	'site_plan_price',	'Amount',	'5000',	'2017-11-03 22:55:04'),
(104,	'SITE_PLAN',	'site_under_amount',	'Under Amount',	'3',	'2017-10-31 03:15:26'),
(105,	'SITE_PLAN',	'site_over_amount',	'Over Amount',	'1,2,3,4',	'2017-11-04 00:47:01'),
(106,	'SITE_PLAN',	'site_under_investing_myself',	'Under Investing Myself',	'1,2',	'2017-10-31 03:15:26'),
(107,	'SITE_PLAN',	'site_over_investing_myself',	'Over Investing Myself',	'1,4',	'2017-11-17 22:10:44'),
(108,	'SITE_PLAN',	'site_under_employer_plan',	'Under Employer Plan',	'1,2,3,4',	'2017-10-31 03:22:41'),
(109,	'SITE_PLAN',	'site_over_employer_plan',	'Over Employer Plan',	'1,3',	'2017-11-17 22:38:23'),
(110,	'SITE_PLAN',	'site_under_investment_advisor',	'Under Investment Advisor',	'1',	'2017-10-31 03:15:26'),
(111,	'SITE_PLAN',	'site_over_investment_advisor',	'Over Investment Advisor',	'1,2,3',	'2017-11-17 22:49:52'),
(94,	'SITE_CONFIG',	'site_latitude',	'Site Latitude',	'43.654066',	'2018-01-15 04:56:28'),
(95,	'SITE_CONFIG',	'site_longitude',	'Site Longitude',	'-79.380445',	'2018-01-15 04:56:28'),
(112,	'SOCIAL_LINKS',	'gplus_link',	'Google Plus Link',	'http://google.com/',	'2017-11-03 04:42:10'),
(113,	'SOCIAL_LINKS',	'facebook_link',	'Facebook Link',	'http://facebook.com/',	'2017-11-03 04:42:10'),
(114,	'SOCIAL_LINKS',	'linkedin_link',	'LinkedIn Link',	'http://linkedin.com/',	'2017-11-03 04:42:10'),
(115,	'SITE_SECURE',	'secure_password',	'Blessing Page Password',	'1234567',	'2017-11-04 07:17:47');

DROP TABLE IF EXISTS `consulting_available_time_setting`;
CREATE TABLE `consulting_available_time_setting` (
  `cons_time_setting_id` int(11) NOT NULL AUTO_INCREMENT,
  `open_time` time NOT NULL,
  `close_time` time NOT NULL,
  `time_slots` enum('1','2','3','4') COLLATE utf8_bin NOT NULL COMMENT '1=>15 min, 2=>30 min, 3=>45 min, 4=>60 min',
  `closing_days` varchar(255) COLLATE utf8_bin DEFAULT NULL COMMENT 'Leaves[ Not Available]',
  `last_updated_on` datetime NOT NULL,
  PRIMARY KEY (`cons_time_setting_id`)
) ENGINE=InnoDB DEFAULT CHARSET=utf8 COLLATE=utf8_bin;

INSERT INTO `consulting_available_time_setting` (`cons_time_setting_id`, `open_time`, `close_time`, `time_slots`, `closing_days`, `last_updated_on`) VALUES
(1,	'05:00:00',	'19:00:00',	'2',	NULL,	'2017-12-11 00:00:00');

DROP TABLE IF EXISTS `consulting_send_request`;
CREATE TABLE `consulting_send_request` (
  `consult_id` int(11) NOT NULL AUTO_INCREMENT,
  `consult_user_id` int(11) NOT NULL,
  `consult_request_date` date NOT NULL,
  `consult_start_time` time NOT NULL,
  `consult_end_time` time NOT NULL,
  `consult_time_slot_type` enum('1','2','3','4') COLLATE utf8_bin NOT NULL COMMENT '1=>15 min, 2=>30 min, 3=>45 min, 4=>60 min',
  `consult_status` enum('1','2','3') COLLATE utf8_bin NOT NULL DEFAULT '1' COMMENT '1=>send request, 2=>view request, 3=>complete',
  `consult_req_added_on` datetime NOT NULL,
  PRIMARY KEY (`consult_id`),
  KEY `consult_user_id` (`consult_user_id`),
  CONSTRAINT `consulting_send_request_ibfk_1` FOREIGN KEY (`consult_user_id`) REFERENCES `users` (`user_id`) ON DELETE CASCADE
) ENGINE=InnoDB DEFAULT CHARSET=utf8 COLLATE=utf8_bin;

INSERT INTO `consulting_send_request` (`consult_id`, `consult_user_id`, `consult_request_date`, `consult_start_time`, `consult_end_time`, `consult_time_slot_type`, `consult_status`, `consult_req_added_on`) VALUES
(1,	3,	'2017-12-30',	'01:00:00',	'01:30:00',	'2',	'1',	'2017-12-29 06:53:25'),
(2,	22,	'2017-12-30',	'01:30:00',	'02:00:00',	'2',	'1',	'2017-12-29 06:55:18'),
(3,	22,	'2018-01-26',	'01:00:00',	'01:30:00',	'2',	'1',	'2017-12-29 22:44:31'),
(4,	22,	'2018-01-01',	'18:45:00',	'19:00:00',	'1',	'1',	'2017-12-29 22:46:40'),
(5,	6,	'2018-01-26',	'13:00:00',	'13:15:00',	'1',	'1',	'2017-12-29 22:48:37'),
(6,	22,	'2018-02-26',	'13:15:00',	'13:30:00',	'1',	'1',	'2017-12-30 02:57:14'),
(7,	22,	'2018-02-02',	'13:15:00',	'13:30:00',	'1',	'1',	'2017-12-30 02:57:34'),
(8,	6,	'2018-02-26',	'13:30:00',	'13:45:00',	'1',	'1',	'2017-12-30 02:59:21');

DROP TABLE IF EXISTS `email_templates`;
CREATE TABLE `email_templates` (
  `emailtemp_key` varchar(255) CHARACTER SET latin1 NOT NULL DEFAULT '',
  `emailtemp_title` varchar(255) CHARACTER SET latin1 DEFAULT NULL,
  `emailtemp_subject` varchar(500) CHARACTER SET latin1 NOT NULL,
  `emailtemp_content` text CHARACTER SET latin1,
  `emailtemp_modified` datetime NOT NULL,
  PRIMARY KEY (`emailtemp_key`)
) ENGINE=InnoDB DEFAULT CHARSET=utf8 COLLATE=utf8_bin;

INSERT INTO `email_templates` (`emailtemp_key`, `emailtemp_title`, `emailtemp_subject`, `emailtemp_content`, `emailtemp_modified`) VALUES
('admin_consulting_request',	'Consulting Request Notification.',	'Consulting Request Notification.',	'<style type=\"text/css\">/* CLIENT-SPECIFIC STYLES */\r\n    body, table, td, a{-webkit-text-size-adjust: 100%; -ms-text-size-adjust: 100%;} /* Prevent WebKit and Windows mobile changing default text sizes */\r\n    table, td{mso-table-lspace: 0pt; mso-table-rspace: 0pt;} /* Remove spacing between tables in Outlook 2007 and up */\r\n    img{-ms-interpolation-mode: bicubic;} /* Allow smoother rendering of resized image in Internet Explorer */\r\n\r\n    /* RESET STYLES */\r\n    img{border: 0; height: auto; line-height: 100%; outline: none; text-decoration: none;}\r\n    table{border-collapse: collapse !important;}\r\n    body{height: 100% !important; margin: 0 !important; padding: 0 !important; width: 100% !important;}\r\n\r\n    /* iOS BLUE LINKS */\r\n    a[x-apple-data-detectors] {\r\n        color: inherit !important;\r\n        text-decoration: none !important;\r\n        font-size: inherit !important;\r\n        font-family: inherit !important;\r\n        font-weight: inherit !important;\r\n        line-height: inherit !important;\r\n    }\r\n\r\n    /* MOBILE STYLES */\r\n    @media screen and (max-width: 525px) {\r\n\r\n        /* ALLOWS FOR FLUID TABLES */\r\n        .wrapper {\r\n          width: 100% !important;\r\n        	max-width: 100% !important;\r\n        }\r\n\r\n        /* ADJUSTS LAYOUT OF LOGO IMAGE */\r\n        .logo img {\r\n          margin: 0 auto !important;\r\n        }\r\n\r\n        /* USE THESE CLASSES TO HIDE CONTENT ON MOBILE */\r\n        .mobile-hide {\r\n          display: none !important;\r\n        }\r\n\r\n        .img-max {\r\n          max-width: 100% !important;\r\n          width: 100% !important;\r\n          height: auto !important;\r\n        }\r\n\r\n        /* FULL-WIDTH TABLES */\r\n        .responsive-table {\r\n          width: 100% !important;\r\n        }\r\n\r\n        /* UTILITY CLASSES FOR ADJUSTING PADDING ON MOBILE */\r\n        .padding {\r\n          padding: 10px 5% 15px 5% !important;\r\n        }\r\n\r\n        .padding-meta {\r\n          padding: 30px 5% 0px 5% !important;\r\n          text-align: center;\r\n        }\r\n\r\n        .no-padding {\r\n          padding: 0 !important;\r\n        }\r\n\r\n        .section-padding {\r\n          padding: 50px 15px 50px 15px !important;\r\n        }\r\n\r\n        /* ADJUST BUTTONS ON MOBILE */\r\n        .mobile-button-container {\r\n            margin: 0 auto;\r\n            width: 100% !important;\r\n        }\r\n\r\n        .mobile-button {\r\n            padding: 15px !important;\r\n            border: 0 !important;\r\n            font-size: 16px !important;\r\n            display: block !important;\r\n        }\r\n\r\n    }\r\n\r\n    /* ANDROID CENTER FIX */\r\n    div[style*=\"margin: 16px 0;\"] { margin: 0 !important; }\r\n</style>\r\n<table border=\"0\" cellpadding=\"0\" cellspacing=\"0\" width=\"100%\">\r\n	<tbody>\r\n		<tr>\r\n			<td align=\"center\" bgcolor=\"#333333\"><!--[if (gte mso 9)|(IE)]>\r\n            <table align=\"center\" border=\"0\" cellspacing=\"0\" cellpadding=\"0\" width=\"500\">\r\n            <tr>\r\n            <td align=\"center\" valign=\"top\" width=\"500\">\r\n            <![endif]-->\r\n			<table border=\"0\" cellpadding=\"0\" cellspacing=\"0\" class=\"wrapper\" style=\"max-width: 500px;\" width=\"100%\">\r\n				<tbody>\r\n					<tr>\r\n						<td align=\"center\" class=\"logo\" style=\"padding: 15px 0;\" valign=\"top\"><a href=\"http://techdemolink.co.in/regalinvestments\" target=\"_blank\"><img alt=\"Logo\" border=\"0\" src=\"http://techdemolink.co.in/regalinvestments/public/img/logo.png\" style=\"display: block; font-family: Helvetica, Arial, sans-serif; color: #ffffff; font-size: 16px;\" /> </a></td>\r\n					</tr>\r\n				</tbody>\r\n			</table>\r\n			<!--[if (gte mso 9)|(IE)]>\r\n            </td>\r\n            </tr>\r\n            </table>\r\n            <![endif]--></td>\r\n		</tr>\r\n		<tr>\r\n			<td align=\"center\" bgcolor=\"#ffffff\" class=\"section-padding\" style=\"padding: 70px 15px 70px 15px;\"><!--[if (gte mso 9)|(IE)]>\r\n            <table align=\"center\" border=\"0\" cellspacing=\"0\" cellpadding=\"0\" width=\"500\">\r\n            <tr>\r\n            <td align=\"center\" valign=\"top\" width=\"500\">\r\n            <![endif]-->\r\n			<table border=\"0\" cellpadding=\"0\" cellspacing=\"0\" class=\"responsive-table\" style=\"max-width: 500px;\" width=\"100%\">\r\n				<tbody>\r\n					<tr>\r\n						<td><!-- HERO IMAGE -->\r\n						<table border=\"0\" cellpadding=\"0\" cellspacing=\"0\" width=\"100%\">\r\n							<tbody>\r\n								<tr>\r\n									<td align=\"center\" class=\"padding\">\r\n									<div style=\"background:url(http://techdemolink.co.in/regalinvestments/public/img/head-slider.png);height:233px;background-size:contain;width:100%;background-repeat:no-repeat;display:table;\">\r\n									<div style=\"font-family: Helvetica, arial, sans-serif; font-size: 26px;display:table-cell;vertical-align:middle;text-align:center;color:white;text-transform:uppercase;\">consulting request</div>\r\n									</div>\r\n									</td>\r\n								</tr>\r\n								<tr>\r\n									<td><!-- COPY -->\r\n									<table border=\"0\" cellpadding=\"0\" cellspacing=\"0\" width=\"100%\">\r\n										<tbody>\r\n											<tr>\r\n												<td align=\"center\" class=\"padding\" style=\"font-size: 25px; font-family: Helvetica, Arial, sans-serif; color: #333333; padding-top: 30px;\">Dear Administrator</td>\r\n											</tr>\r\n											<tr>\r\n												<td align=\"center\" class=\"padding\" style=\"padding: 20px 0 0 0; font-size: 16px; line-height: 25px; font-family: Helvetica, Arial, sans-serif; color: #666666;\">Consulting Request Send by {user_name}.Please check consulting request.</td>\r\n											</tr>\r\n										</tbody>\r\n									</table>\r\n									</td>\r\n								</tr>\r\n							</tbody>\r\n						</table>\r\n						</td>\r\n					</tr>\r\n				</tbody>\r\n			</table>\r\n			<!--[if (gte mso 9)|(IE)]>\r\n            </td>\r\n            </tr>\r\n            </table>\r\n            <![endif]--></td>\r\n		</tr>\r\n		<tr>\r\n			<td align=\"center\" bgcolor=\"#F5F7FA\" class=\"section-padding\" style=\"padding: 70px 15px 70px 15px;\"><!--[if (gte mso 9)|(IE)]>\r\n            <table align=\"center\" border=\"0\" cellspacing=\"0\" cellpadding=\"0\" width=\"500\">\r\n            <tr>\r\n            <td align=\"center\" valign=\"top\" width=\"500\">\r\n            <![endif]-->\r\n			<table border=\"0\" cellpadding=\"0\" cellspacing=\"0\" class=\"responsive-table\" style=\"max-width: 500px;\" width=\"100%\">\r\n				<tbody>\r\n					<tr>\r\n						<td><!-- TITLE SECTION AND COPY -->\r\n						<table border=\"0\" cellpadding=\"0\" cellspacing=\"0\" width=\"100%\">\r\n							<tbody>\r\n								<tr>\r\n									<td align=\"center\" class=\"padding\" style=\"font-size: 25px; font-family: Helvetica, Arial, sans-serif; color: #333333;\">The Regal Way</td>\r\n								</tr>\r\n								<tr>\r\n									<td align=\"center\" class=\"padding\" style=\"padding: 20px 0 20px 0; font-size: 16px; line-height: 25px; font-family: Helvetica, Arial, sans-serif; color: #666666;\">Lorem ipsum dolor sit amet, consectetur adipiscing elit.Lorem ipsum dolor sit amet, consectetur adipiscing elit. Sed varius, leo a ullamcorper feugiat, ante purus sodales justo, a faucibus libero lacus a est. Aenean at mollis ipsum.</td>\r\n								</tr>\r\n							</tbody>\r\n						</table>\r\n						</td>\r\n					</tr>\r\n				</tbody>\r\n			</table>\r\n			<!--[if (gte mso 9)|(IE)]>\r\n            </td>\r\n            </tr>\r\n            </table>\r\n            <![endif]--></td>\r\n		</tr>\r\n		<tr>\r\n			<td align=\"center\" bgcolor=\"#fcd116\" style=\"padding: 20px 0px;\"><!--[if (gte mso 9)|(IE)]>\r\n            <table align=\"center\" border=\"0\" cellspacing=\"0\" cellpadding=\"0\" width=\"500\">\r\n            <tr>\r\n            <td align=\"center\" valign=\"top\" width=\"500\">\r\n            <![endif]--><!-- UNSUBSCRIBE COPY -->\r\n			<table align=\"center\" border=\"0\" cellpadding=\"0\" cellspacing=\"0\" class=\"responsive-table\" style=\"max-width: 500px;\" width=\"100%\">\r\n				<tbody>\r\n					<tr>\r\n						<td align=\"center\" style=\"font-size: 12px; line-height: 18px; font-family: Helvetica, Arial, sans-serif; color:#666666;\">Copyright &copy; {year} {SITE_NAME}.<br />\r\n						<a href=\"http://techdemolink.co.in/regalinvestments\" style=\"color: #666666; text-decoration: none;\" target=\"_blank\">Visit Website</a></td>\r\n					</tr>\r\n				</tbody>\r\n			</table>\r\n			<!--[if (gte mso 9)|(IE)]>\r\n            </td>\r\n            </tr>\r\n            </table>\r\n            <![endif]--></td>\r\n		</tr>\r\n	</tbody>\r\n</table>\r\n',	'2017-12-29 05:59:36'),
('admin_deposit_amount',	'Deposit Amount',	'Deposit Amount',	'<style type=\"text/css\">/* CLIENT-SPECIFIC STYLES */\r\n    body, table, td, a{-webkit-text-size-adjust: 100%; -ms-text-size-adjust: 100%;} /* Prevent WebKit and Windows mobile changing default text sizes */\r\n    table, td{mso-table-lspace: 0pt; mso-table-rspace: 0pt;} /* Remove spacing between tables in Outlook 2007 and up */\r\n    img{-ms-interpolation-mode: bicubic;} /* Allow smoother rendering of resized image in Internet Explorer */\r\n\r\n    /* RESET STYLES */\r\n    img{border: 0; height: auto; line-height: 100%; outline: none; text-decoration: none;}\r\n    table{border-collapse: collapse !important;}\r\n    body{height: 100% !important; margin: 0 !important; padding: 0 !important; width: 100% !important;}\r\n\r\n    /* iOS BLUE LINKS */\r\n    a[x-apple-data-detectors] {\r\n        color: inherit !important;\r\n        text-decoration: none !important;\r\n        font-size: inherit !important;\r\n        font-family: inherit !important;\r\n        font-weight: inherit !important;\r\n        line-height: inherit !important;\r\n    }\r\n\r\n    /* MOBILE STYLES */\r\n    @media screen and (max-width: 525px) {\r\n\r\n        /* ALLOWS FOR FLUID TABLES */\r\n        .wrapper {\r\n          width: 100% !important;\r\n        	max-width: 100% !important;\r\n        }\r\n\r\n        /* ADJUSTS LAYOUT OF LOGO IMAGE */\r\n        .logo img {\r\n          margin: 0 auto !important;\r\n        }\r\n\r\n        /* USE THESE CLASSES TO HIDE CONTENT ON MOBILE */\r\n        .mobile-hide {\r\n          display: none !important;\r\n        }\r\n\r\n        .img-max {\r\n          max-width: 100% !important;\r\n          width: 100% !important;\r\n          height: auto !important;\r\n        }\r\n\r\n        /* FULL-WIDTH TABLES */\r\n        .responsive-table {\r\n          width: 100% !important;\r\n        }\r\n\r\n        /* UTILITY CLASSES FOR ADJUSTING PADDING ON MOBILE */\r\n        .padding {\r\n          padding: 10px 5% 15px 5% !important;\r\n        }\r\n\r\n        .padding-meta {\r\n          padding: 30px 5% 0px 5% !important;\r\n          text-align: center;\r\n        }\r\n\r\n        .no-padding {\r\n          padding: 0 !important;\r\n        }\r\n\r\n        .section-padding {\r\n          padding: 50px 15px 50px 15px !important;\r\n        }\r\n\r\n        /* ADJUST BUTTONS ON MOBILE */\r\n        .mobile-button-container {\r\n            margin: 0 auto;\r\n            width: 100% !important;\r\n        }\r\n\r\n        .mobile-button {\r\n            padding: 15px !important;\r\n            border: 0 !important;\r\n            font-size: 16px !important;\r\n            display: block !important;\r\n        }\r\n\r\n    }\r\n\r\n    /* ANDROID CENTER FIX */\r\n    div[style*=\"margin: 16px 0;\"] { margin: 0 !important; }\r\n</style>\r\n<table border=\"0\" cellpadding=\"0\" cellspacing=\"0\" width=\"100%\">\r\n	<tbody>\r\n		<tr>\r\n			<td align=\"center\" bgcolor=\"#333333\"><!--[if (gte mso 9)|(IE)]>\r\n            <table align=\"center\" border=\"0\" cellspacing=\"0\" cellpadding=\"0\" width=\"500\">\r\n            <tr>\r\n            <td align=\"center\" valign=\"top\" width=\"500\">\r\n            <![endif]-->\r\n			<table border=\"0\" cellpadding=\"0\" cellspacing=\"0\" class=\"wrapper\" style=\"max-width: 500px;\" width=\"100%\">\r\n				<tbody>\r\n					<tr>\r\n						<td align=\"center\" class=\"logo\" style=\"padding: 15px 0;\" valign=\"top\"><a href=\"http://techdemolink.co.in/regalinvestments\" target=\"_blank\"><img alt=\"Logo\" border=\"0\" src=\"http://techdemolink.co.in/regalinvestments/public/img/logo.png\" style=\"display: block; font-family: Helvetica, Arial, sans-serif; color: #ffffff; font-size: 16px;\" /> </a></td>\r\n					</tr>\r\n				</tbody>\r\n			</table>\r\n			<!--[if (gte mso 9)|(IE)]>\r\n            </td>\r\n            </tr>\r\n            </table>\r\n            <![endif]--></td>\r\n		</tr>\r\n		<tr>\r\n			<td align=\"center\" bgcolor=\"#ffffff\" class=\"section-padding\" style=\"padding: 70px 15px 70px 15px;\"><!--[if (gte mso 9)|(IE)]>\r\n            <table align=\"center\" border=\"0\" cellspacing=\"0\" cellpadding=\"0\" width=\"500\">\r\n            <tr>\r\n            <td align=\"center\" valign=\"top\" width=\"500\">\r\n            <![endif]-->\r\n			<table border=\"0\" cellpadding=\"0\" cellspacing=\"0\" class=\"responsive-table\" style=\"max-width: 500px;\" width=\"100%\">\r\n				<tbody>\r\n					<tr>\r\n						<td><!-- HERO IMAGE -->\r\n						<table border=\"0\" cellpadding=\"0\" cellspacing=\"0\" width=\"100%\">\r\n							<tbody>\r\n								<tr>\r\n									<td align=\"center\" class=\"padding\">\r\n									<div style=\"background:url(http://techdemolink.co.in/regalinvestments/public/img/head-slider.png);height:233px;background-size:contain;width:100%;background-repeat:no-repeat;display:table;\">\r\n									<div style=\"font-family: Helvetica, arial, sans-serif; font-size: 26px;display:table-cell;vertical-align:middle;text-align:center;color:white;text-transform:uppercase;\">Deposit Amount</div>\r\n									</div>\r\n									</td>\r\n								</tr>\r\n								<tr>\r\n									<td><!-- COPY -->\r\n									<table border=\"0\" cellpadding=\"0\" cellspacing=\"0\" width=\"100%\">\r\n										<tbody>\r\n											<tr>\r\n												<td align=\"center\" class=\"padding\" style=\"font-size: 25px; font-family: Helvetica, Arial, sans-serif; color: #333333; padding-top: 30px;\">Dear Administrator</td>\r\n											</tr>\r\n											<tr>\r\n												<td align=\"center\" class=\"padding\" style=\"padding: 20px 0 0 0; font-size: 16px; line-height: 25px; font-family: Helvetica, Arial, sans-serif; color: #666666;\">Deposit Amount {deposit_currency}{deposit_amount} via {deposit_method} is requested by {user_name}.Please check deposit request.</td>\r\n											</tr>\r\n										</tbody>\r\n									</table>\r\n									</td>\r\n								</tr>\r\n							</tbody>\r\n						</table>\r\n						</td>\r\n					</tr>\r\n				</tbody>\r\n			</table>\r\n			<!--[if (gte mso 9)|(IE)]>\r\n            </td>\r\n            </tr>\r\n            </table>\r\n            <![endif]--></td>\r\n		</tr>\r\n		<tr>\r\n			<td align=\"center\" bgcolor=\"#F5F7FA\" class=\"section-padding\" style=\"padding: 70px 15px 70px 15px;\"><!--[if (gte mso 9)|(IE)]>\r\n            <table align=\"center\" border=\"0\" cellspacing=\"0\" cellpadding=\"0\" width=\"500\">\r\n            <tr>\r\n            <td align=\"center\" valign=\"top\" width=\"500\">\r\n            <![endif]-->\r\n			<table border=\"0\" cellpadding=\"0\" cellspacing=\"0\" class=\"responsive-table\" style=\"max-width: 500px;\" width=\"100%\">\r\n				<tbody>\r\n					<tr>\r\n						<td><!-- TITLE SECTION AND COPY -->\r\n						<table border=\"0\" cellpadding=\"0\" cellspacing=\"0\" width=\"100%\">\r\n							<tbody>\r\n								<tr>\r\n									<td align=\"center\" class=\"padding\" style=\"font-size: 25px; font-family: Helvetica, Arial, sans-serif; color: #333333;\">The Regal Way</td>\r\n								</tr>\r\n								<tr>\r\n									<td align=\"center\" class=\"padding\" style=\"padding: 20px 0 20px 0; font-size: 16px; line-height: 25px; font-family: Helvetica, Arial, sans-serif; color: #666666;\">Lorem ipsum dolor sit amet, consectetur adipiscing elit.Lorem ipsum dolor sit amet, consectetur adipiscing elit. Sed varius, leo a ullamcorper feugiat, ante purus sodales justo, a faucibus libero lacus a est. Aenean at mollis ipsum.</td>\r\n								</tr>\r\n							</tbody>\r\n						</table>\r\n						</td>\r\n					</tr>\r\n				</tbody>\r\n			</table>\r\n			<!--[if (gte mso 9)|(IE)]>\r\n            </td>\r\n            </tr>\r\n            </table>\r\n            <![endif]--></td>\r\n		</tr>\r\n		<tr>\r\n			<td align=\"center\" bgcolor=\"#fcd116\" style=\"padding: 20px 0px;\"><!--[if (gte mso 9)|(IE)]>\r\n            <table align=\"center\" border=\"0\" cellspacing=\"0\" cellpadding=\"0\" width=\"500\">\r\n            <tr>\r\n            <td align=\"center\" valign=\"top\" width=\"500\">\r\n            <![endif]--><!-- UNSUBSCRIBE COPY -->\r\n			<table align=\"center\" border=\"0\" cellpadding=\"0\" cellspacing=\"0\" class=\"responsive-table\" style=\"max-width: 500px;\" width=\"100%\">\r\n				<tbody>\r\n					<tr>\r\n						<td align=\"center\" style=\"font-size: 12px; line-height: 18px; font-family: Helvetica, Arial, sans-serif; color:#666666;\">Copyright &copy; {year} {SITE_NAME}.<br />\r\n						<a href=\"http://techdemolink.co.in/regalinvestments\" style=\"color: #666666; text-decoration: none;\" target=\"_blank\">Visit Website</a></td>\r\n					</tr>\r\n				</tbody>\r\n			</table>\r\n			<!--[if (gte mso 9)|(IE)]>\r\n            </td>\r\n            </tr>\r\n            </table>\r\n            <![endif]--></td>\r\n		</tr>\r\n	</tbody>\r\n</table>\r\n',	'2017-12-29 06:01:31'),
('admin_job_apply',	'Job Application',	'Job Application',	'<style type=\"text/css\">/* CLIENT-SPECIFIC STYLES */\r\n    body, table, td, a{-webkit-text-size-adjust: 100%; -ms-text-size-adjust: 100%;} /* Prevent WebKit and Windows mobile changing default text sizes */\r\n    table, td{mso-table-lspace: 0pt; mso-table-rspace: 0pt;} /* Remove spacing between tables in Outlook 2007 and up */\r\n    img{-ms-interpolation-mode: bicubic;} /* Allow smoother rendering of resized image in Internet Explorer */\r\n\r\n    /* RESET STYLES */\r\n    img{border: 0; height: auto; line-height: 100%; outline: none; text-decoration: none;}\r\n    table{border-collapse: collapse !important;}\r\n    body{height: 100% !important; margin: 0 !important; padding: 0 !important; width: 100% !important;}\r\n\r\n    /* iOS BLUE LINKS */\r\n    a[x-apple-data-detectors] {\r\n        color: inherit !important;\r\n        text-decoration: none !important;\r\n        font-size: inherit !important;\r\n        font-family: inherit !important;\r\n        font-weight: inherit !important;\r\n        line-height: inherit !important;\r\n    }\r\n\r\n    /* MOBILE STYLES */\r\n    @media screen and (max-width: 525px) {\r\n\r\n        /* ALLOWS FOR FLUID TABLES */\r\n        .wrapper {\r\n          width: 100% !important;\r\n        	max-width: 100% !important;\r\n        }\r\n\r\n        /* ADJUSTS LAYOUT OF LOGO IMAGE */\r\n        .logo img {\r\n          margin: 0 auto !important;\r\n        }\r\n\r\n        /* USE THESE CLASSES TO HIDE CONTENT ON MOBILE */\r\n        .mobile-hide {\r\n          display: none !important;\r\n        }\r\n\r\n        .img-max {\r\n          max-width: 100% !important;\r\n          width: 100% !important;\r\n          height: auto !important;\r\n        }\r\n\r\n        /* FULL-WIDTH TABLES */\r\n        .responsive-table {\r\n          width: 100% !important;\r\n        }\r\n\r\n        /* UTILITY CLASSES FOR ADJUSTING PADDING ON MOBILE */\r\n        .padding {\r\n          padding: 10px 5% 15px 5% !important;\r\n        }\r\n\r\n        .padding-meta {\r\n          padding: 30px 5% 0px 5% !important;\r\n          text-align: center;\r\n        }\r\n\r\n        .no-padding {\r\n          padding: 0 !important;\r\n        }\r\n\r\n        .section-padding {\r\n          padding: 50px 15px 50px 15px !important;\r\n        }\r\n\r\n        /* ADJUST BUTTONS ON MOBILE */\r\n        .mobile-button-container {\r\n            margin: 0 auto;\r\n            width: 100% !important;\r\n        }\r\n\r\n        .mobile-button {\r\n            padding: 15px !important;\r\n            border: 0 !important;\r\n            font-size: 16px !important;\r\n            display: block !important;\r\n        }\r\n\r\n    }\r\n\r\n    /* ANDROID CENTER FIX */\r\n    div[style*=\"margin: 16px 0;\"] { margin: 0 !important; }\r\n</style>\r\n<table border=\"0\" cellpadding=\"0\" cellspacing=\"0\" width=\"100%\">\r\n	<tbody>\r\n		<tr>\r\n			<td align=\"center\" bgcolor=\"#333333\"><!--[if (gte mso 9)|(IE)]>\r\n            <table align=\"center\" border=\"0\" cellspacing=\"0\" cellpadding=\"0\" width=\"500\">\r\n            <tr>\r\n            <td align=\"center\" valign=\"top\" width=\"500\">\r\n            <![endif]-->\r\n			<table border=\"0\" cellpadding=\"0\" cellspacing=\"0\" class=\"wrapper\" style=\"max-width: 500px;\" width=\"100%\">\r\n				<tbody>\r\n					<tr>\r\n						<td align=\"center\" class=\"logo\" style=\"padding: 15px 0;\" valign=\"top\"><a href=\"http://techdemolink.co.in/regalinvestments\" target=\"_blank\"><img alt=\"Logo\" border=\"0\" src=\"http://techdemolink.co.in/regalinvestments/public/img/logo.png\" style=\"display: block; font-family: Helvetica, Arial, sans-serif; color: #ffffff; font-size: 16px;\" /> </a></td>\r\n					</tr>\r\n				</tbody>\r\n			</table>\r\n			<!--[if (gte mso 9)|(IE)]>\r\n            </td>\r\n            </tr>\r\n            </table>\r\n            <![endif]--></td>\r\n		</tr>\r\n		<tr>\r\n			<td align=\"center\" bgcolor=\"#ffffff\" class=\"section-padding\" style=\"padding: 70px 15px 70px 15px;\"><!--[if (gte mso 9)|(IE)]>\r\n            <table align=\"center\" border=\"0\" cellspacing=\"0\" cellpadding=\"0\" width=\"500\">\r\n            <tr>\r\n            <td align=\"center\" valign=\"top\" width=\"500\">\r\n            <![endif]-->\r\n			<table border=\"0\" cellpadding=\"0\" cellspacing=\"0\" class=\"responsive-table\" style=\"max-width: 500px;\" width=\"100%\">\r\n				<tbody>\r\n					<tr>\r\n						<td><!-- HERO IMAGE -->\r\n						<table border=\"0\" cellpadding=\"0\" cellspacing=\"0\" width=\"100%\">\r\n							<tbody>\r\n								<tr>\r\n									<td align=\"center\" class=\"padding\">\r\n									<div style=\"background:url(http://techdemolink.co.in/regalinvestments/public/img/head-slider.png);height:233px;background-size:contain;width:100%;background-repeat:no-repeat;display:table;\">\r\n									<div style=\"font-family: Helvetica, arial, sans-serif; font-size: 26px;display:table-cell;vertical-align:middle;text-align:center;color:white;text-transform:uppercase;\">Job Application</div>\r\n									</div>\r\n									</td>\r\n								</tr>\r\n								<tr>\r\n									<td><!-- COPY -->\r\n									<table border=\"0\" cellpadding=\"0\" cellspacing=\"0\" width=\"100%\">\r\n										<tbody>\r\n											<tr>\r\n												<td align=\"center\" class=\"padding\" style=\"font-size: 25px; font-family: Helvetica, Arial, sans-serif; color: #333333; padding-top: 30px;\">Dear Administrator</td>\r\n											</tr>\r\n											<tr>\r\n												<td align=\"center\" class=\"padding\" style=\"padding: 20px 0 0 0; font-size: 16px; line-height: 25px; font-family: Helvetica, Arial, sans-serif; color: #666666;\">Job Application has been submitted by {apply_user_name}.</td>\r\n											</tr>\r\n										</tbody>\r\n									</table>\r\n									</td>\r\n								</tr>\r\n							</tbody>\r\n						</table>\r\n						</td>\r\n					</tr>\r\n				</tbody>\r\n			</table>\r\n			<!--[if (gte mso 9)|(IE)]>\r\n            </td>\r\n            </tr>\r\n            </table>\r\n            <![endif]--></td>\r\n		</tr>\r\n		<tr>\r\n			<td align=\"center\" bgcolor=\"#F5F7FA\" class=\"section-padding\" style=\"padding: 70px 15px 70px 15px;\"><!--[if (gte mso 9)|(IE)]>\r\n            <table align=\"center\" border=\"0\" cellspacing=\"0\" cellpadding=\"0\" width=\"500\">\r\n            <tr>\r\n            <td align=\"center\" valign=\"top\" width=\"500\">\r\n            <![endif]-->\r\n			<table border=\"0\" cellpadding=\"0\" cellspacing=\"0\" class=\"responsive-table\" style=\"max-width: 500px;\" width=\"100%\">\r\n				<tbody>\r\n					<tr>\r\n						<td><!-- TITLE SECTION AND COPY -->\r\n						<table border=\"0\" cellpadding=\"0\" cellspacing=\"0\" width=\"100%\">\r\n							<tbody>\r\n								<tr>\r\n									<td align=\"center\" class=\"padding\" style=\"font-size: 25px; font-family: Helvetica, Arial, sans-serif; color: #333333;\">The Regal Way</td>\r\n								</tr>\r\n								<tr>\r\n									<td align=\"center\" class=\"padding\" style=\"padding: 20px 0 20px 0; font-size: 16px; line-height: 25px; font-family: Helvetica, Arial, sans-serif; color: #666666;\">Lorem ipsum dolor sit amet, consectetur adipiscing elit.Lorem ipsum dolor sit amet, consectetur adipiscing elit. Sed varius, leo a ullamcorper feugiat, ante purus sodales justo, a faucibus libero lacus a est. Aenean at mollis ipsum.</td>\r\n								</tr>\r\n							</tbody>\r\n						</table>\r\n						</td>\r\n					</tr>\r\n				</tbody>\r\n			</table>\r\n			<!--[if (gte mso 9)|(IE)]>\r\n            </td>\r\n            </tr>\r\n            </table>\r\n            <![endif]--></td>\r\n		</tr>\r\n		<tr>\r\n			<td align=\"center\" bgcolor=\"#fcd116\" style=\"padding: 20px 0px;\"><!--[if (gte mso 9)|(IE)]>\r\n            <table align=\"center\" border=\"0\" cellspacing=\"0\" cellpadding=\"0\" width=\"500\">\r\n            <tr>\r\n            <td align=\"center\" valign=\"top\" width=\"500\">\r\n            <![endif]--><!-- UNSUBSCRIBE COPY -->\r\n			<table align=\"center\" border=\"0\" cellpadding=\"0\" cellspacing=\"0\" class=\"responsive-table\" style=\"max-width: 500px;\" width=\"100%\">\r\n				<tbody>\r\n					<tr>\r\n						<td align=\"center\" style=\"font-size: 12px; line-height: 18px; font-family: Helvetica, Arial, sans-serif; color:#666666;\">Copyright &copy; {year} {SITE_NAME}.<br />\r\n						<a href=\"http://techdemolink.co.in/regalinvestments\" style=\"color: #666666; text-decoration: none;\" target=\"_blank\">Visit Website</a></td>\r\n					</tr>\r\n				</tbody>\r\n			</table>\r\n			<!--[if (gte mso 9)|(IE)]>\r\n            </td>\r\n            </tr>\r\n            </table>\r\n            <![endif]--></td>\r\n		</tr>\r\n	</tbody>\r\n</table>\r\n',	'2017-12-29 06:02:04'),
('admin_plan',	'Plan Notification.',	'Plan Notification.',	'<style type=\"text/css\">/* CLIENT-SPECIFIC STYLES */\r\n    body, table, td, a{-webkit-text-size-adjust: 100%; -ms-text-size-adjust: 100%;} /* Prevent WebKit and Windows mobile changing default text sizes */\r\n    table, td{mso-table-lspace: 0pt; mso-table-rspace: 0pt;} /* Remove spacing between tables in Outlook 2007 and up */\r\n    img{-ms-interpolation-mode: bicubic;} /* Allow smoother rendering of resized image in Internet Explorer */\r\n\r\n    /* RESET STYLES */\r\n    img{border: 0; height: auto; line-height: 100%; outline: none; text-decoration: none;}\r\n    table{border-collapse: collapse !important;}\r\n    body{height: 100% !important; margin: 0 !important; padding: 0 !important; width: 100% !important;}\r\n\r\n    /* iOS BLUE LINKS */\r\n    a[x-apple-data-detectors] {\r\n        color: inherit !important;\r\n        text-decoration: none !important;\r\n        font-size: inherit !important;\r\n        font-family: inherit !important;\r\n        font-weight: inherit !important;\r\n        line-height: inherit !important;\r\n    }\r\n\r\n    /* MOBILE STYLES */\r\n    @media screen and (max-width: 525px) {\r\n\r\n        /* ALLOWS FOR FLUID TABLES */\r\n        .wrapper {\r\n          width: 100% !important;\r\n        	max-width: 100% !important;\r\n        }\r\n\r\n        /* ADJUSTS LAYOUT OF LOGO IMAGE */\r\n        .logo img {\r\n          margin: 0 auto !important;\r\n        }\r\n\r\n        /* USE THESE CLASSES TO HIDE CONTENT ON MOBILE */\r\n        .mobile-hide {\r\n          display: none !important;\r\n        }\r\n\r\n        .img-max {\r\n          max-width: 100% !important;\r\n          width: 100% !important;\r\n          height: auto !important;\r\n        }\r\n\r\n        /* FULL-WIDTH TABLES */\r\n        .responsive-table {\r\n          width: 100% !important;\r\n        }\r\n\r\n        /* UTILITY CLASSES FOR ADJUSTING PADDING ON MOBILE */\r\n        .padding {\r\n          padding: 10px 5% 15px 5% !important;\r\n        }\r\n\r\n        .padding-meta {\r\n          padding: 30px 5% 0px 5% !important;\r\n          text-align: center;\r\n        }\r\n\r\n        .no-padding {\r\n          padding: 0 !important;\r\n        }\r\n\r\n        .section-padding {\r\n          padding: 50px 15px 50px 15px !important;\r\n        }\r\n\r\n        /* ADJUST BUTTONS ON MOBILE */\r\n        .mobile-button-container {\r\n            margin: 0 auto;\r\n            width: 100% !important;\r\n        }\r\n\r\n        .mobile-button {\r\n            padding: 15px !important;\r\n            border: 0 !important;\r\n            font-size: 16px !important;\r\n            display: block !important;\r\n        }\r\n\r\n    }\r\n\r\n    /* ANDROID CENTER FIX */\r\n    div[style*=\"margin: 16px 0;\"] { margin: 0 !important; }\r\n</style>\r\n<table border=\"0\" cellpadding=\"0\" cellspacing=\"0\" width=\"100%\">\r\n	<tbody>\r\n		<tr>\r\n			<td align=\"center\" bgcolor=\"#333333\"><!--[if (gte mso 9)|(IE)]>\r\n            <table align=\"center\" border=\"0\" cellspacing=\"0\" cellpadding=\"0\" width=\"500\">\r\n            <tr>\r\n            <td align=\"center\" valign=\"top\" width=\"500\">\r\n            <![endif]-->\r\n			<table border=\"0\" cellpadding=\"0\" cellspacing=\"0\" class=\"wrapper\" style=\"max-width: 500px;\" width=\"100%\">\r\n				<tbody>\r\n					<tr>\r\n						<td align=\"center\" class=\"logo\" style=\"padding: 15px 0;\" valign=\"top\"><a href=\"http://techdemolink.co.in/regalinvestments\" target=\"_blank\"><img alt=\"Logo\" border=\"0\" src=\"http://techdemolink.co.in/regalinvestments/public/img/logo.png\" style=\"display: block; font-family: Helvetica, Arial, sans-serif; color: #ffffff; font-size: 16px;\" /> </a></td>\r\n					</tr>\r\n				</tbody>\r\n			</table>\r\n			<!--[if (gte mso 9)|(IE)]>\r\n            </td>\r\n            </tr>\r\n            </table>\r\n            <![endif]--></td>\r\n		</tr>\r\n		<tr>\r\n			<td align=\"center\" bgcolor=\"#ffffff\" class=\"section-padding\" style=\"padding: 70px 15px 70px 15px;\"><!--[if (gte mso 9)|(IE)]>\r\n            <table align=\"center\" border=\"0\" cellspacing=\"0\" cellpadding=\"0\" width=\"500\">\r\n            <tr>\r\n            <td align=\"center\" valign=\"top\" width=\"500\">\r\n            <![endif]-->\r\n			<table border=\"0\" cellpadding=\"0\" cellspacing=\"0\" class=\"responsive-table\" style=\"max-width: 500px;\" width=\"100%\">\r\n				<tbody>\r\n					<tr>\r\n						<td><!-- HERO IMAGE -->\r\n						<table border=\"0\" cellpadding=\"0\" cellspacing=\"0\" width=\"100%\">\r\n							<tbody>\r\n								<tr>\r\n									<td align=\"center\" class=\"padding\">\r\n									<div style=\"background:url(http://techdemolink.co.in/regalinvestments/public/img/head-slider.png);height:233px;background-size:contain;width:100%;background-repeat:no-repeat;display:table;\">\r\n									<div style=\"font-family: Helvetica, arial, sans-serif; font-size: 26px;display:table-cell;vertical-align:middle;text-align:center;color:white;text-transform:uppercase;\">Plan</div>\r\n									</div>\r\n									</td>\r\n								</tr>\r\n								<tr>\r\n									<td><!-- COPY -->\r\n									<table border=\"0\" cellpadding=\"0\" cellspacing=\"0\" width=\"100%\">\r\n										<tbody>\r\n											<tr>\r\n												<td align=\"center\" class=\"padding\" style=\"font-size: 25px; font-family: Helvetica, Arial, sans-serif; color: #333333; padding-top: 30px;\">Dear Administrator</td>\r\n											</tr>\r\n											<tr>\r\n												<td align=\"center\" class=\"padding\" style=\"padding: 20px 0 0 0; font-size: 16px; line-height: 25px; font-family: Helvetica, Arial, sans-serif; color: #666666;\">Plan is requested by {user_name}. Please check plan request.</td>\r\n											</tr>\r\n										</tbody>\r\n									</table>\r\n									</td>\r\n								</tr>\r\n							</tbody>\r\n						</table>\r\n						</td>\r\n					</tr>\r\n				</tbody>\r\n			</table>\r\n			<!--[if (gte mso 9)|(IE)]>\r\n            </td>\r\n            </tr>\r\n            </table>\r\n            <![endif]--></td>\r\n		</tr>\r\n		<tr>\r\n			<td align=\"center\" bgcolor=\"#F5F7FA\" class=\"section-padding\" style=\"padding: 70px 15px 70px 15px;\"><!--[if (gte mso 9)|(IE)]>\r\n            <table align=\"center\" border=\"0\" cellspacing=\"0\" cellpadding=\"0\" width=\"500\">\r\n            <tr>\r\n            <td align=\"center\" valign=\"top\" width=\"500\">\r\n            <![endif]-->\r\n			<table border=\"0\" cellpadding=\"0\" cellspacing=\"0\" class=\"responsive-table\" style=\"max-width: 500px;\" width=\"100%\">\r\n				<tbody>\r\n					<tr>\r\n						<td><!-- TITLE SECTION AND COPY -->\r\n						<table border=\"0\" cellpadding=\"0\" cellspacing=\"0\" width=\"100%\">\r\n							<tbody>\r\n								<tr>\r\n									<td align=\"center\" class=\"padding\" style=\"font-size: 25px; font-family: Helvetica, Arial, sans-serif; color: #333333;\">The Regal Way</td>\r\n								</tr>\r\n								<tr>\r\n									<td align=\"center\" class=\"padding\" style=\"padding: 20px 0 20px 0; font-size: 16px; line-height: 25px; font-family: Helvetica, Arial, sans-serif; color: #666666;\">Lorem ipsum dolor sit amet, consectetur adipiscing elit.Lorem ipsum dolor sit amet, consectetur adipiscing elit. Sed varius, leo a ullamcorper feugiat, ante purus sodales justo, a faucibus libero lacus a est. Aenean at mollis ipsum.</td>\r\n								</tr>\r\n							</tbody>\r\n						</table>\r\n						</td>\r\n					</tr>\r\n				</tbody>\r\n			</table>\r\n			<!--[if (gte mso 9)|(IE)]>\r\n            </td>\r\n            </tr>\r\n            </table>\r\n            <![endif]--></td>\r\n		</tr>\r\n		<tr>\r\n			<td align=\"center\" bgcolor=\"#fcd116\" style=\"padding: 20px 0px;\"><!--[if (gte mso 9)|(IE)]>\r\n            <table align=\"center\" border=\"0\" cellspacing=\"0\" cellpadding=\"0\" width=\"500\">\r\n            <tr>\r\n            <td align=\"center\" valign=\"top\" width=\"500\">\r\n            <![endif]--><!-- UNSUBSCRIBE COPY -->\r\n			<table align=\"center\" border=\"0\" cellpadding=\"0\" cellspacing=\"0\" class=\"responsive-table\" style=\"max-width: 500px;\" width=\"100%\">\r\n				<tbody>\r\n					<tr>\r\n						<td align=\"center\" style=\"font-size: 12px; line-height: 18px; font-family: Helvetica, Arial, sans-serif; color:#666666;\">Copyright &copy; {year} {SITE_NAME}.<br />\r\n						<a href=\"http://techdemolink.co.in/regalinvestments\" style=\"color: #666666; text-decoration: none;\" target=\"_blank\">Visit Website</a></td>\r\n					</tr>\r\n				</tbody>\r\n			</table>\r\n			<!--[if (gte mso 9)|(IE)]>\r\n            </td>\r\n            </tr>\r\n            </table>\r\n            <![endif]--></td>\r\n		</tr>\r\n	</tbody>\r\n</table>\r\n',	'2017-11-27 10:11:45'),
('admin_resource',	'Resource Notification.',	'Resource Notification.',	'<style type=\"text/css\">/* CLIENT-SPECIFIC STYLES */\r\n    body, table, td, a{-webkit-text-size-adjust: 100%; -ms-text-size-adjust: 100%;} /* Prevent WebKit and Windows mobile changing default text sizes */\r\n    table, td{mso-table-lspace: 0pt; mso-table-rspace: 0pt;} /* Remove spacing between tables in Outlook 2007 and up */\r\n    img{-ms-interpolation-mode: bicubic;} /* Allow smoother rendering of resized image in Internet Explorer */\r\n\r\n    /* RESET STYLES */\r\n    img{border: 0; height: auto; line-height: 100%; outline: none; text-decoration: none;}\r\n    table{border-collapse: collapse !important;}\r\n    body{height: 100% !important; margin: 0 !important; padding: 0 !important; width: 100% !important;}\r\n\r\n    /* iOS BLUE LINKS */\r\n    a[x-apple-data-detectors] {\r\n        color: inherit !important;\r\n        text-decoration: none !important;\r\n        font-size: inherit !important;\r\n        font-family: inherit !important;\r\n        font-weight: inherit !important;\r\n        line-height: inherit !important;\r\n    }\r\n\r\n    /* MOBILE STYLES */\r\n    @media screen and (max-width: 525px) {\r\n\r\n        /* ALLOWS FOR FLUID TABLES */\r\n        .wrapper {\r\n          width: 100% !important;\r\n        	max-width: 100% !important;\r\n        }\r\n\r\n        /* ADJUSTS LAYOUT OF LOGO IMAGE */\r\n        .logo img {\r\n          margin: 0 auto !important;\r\n        }\r\n\r\n        /* USE THESE CLASSES TO HIDE CONTENT ON MOBILE */\r\n        .mobile-hide {\r\n          display: none !important;\r\n        }\r\n\r\n        .img-max {\r\n          max-width: 100% !important;\r\n          width: 100% !important;\r\n          height: auto !important;\r\n        }\r\n\r\n        /* FULL-WIDTH TABLES */\r\n        .responsive-table {\r\n          width: 100% !important;\r\n        }\r\n\r\n        /* UTILITY CLASSES FOR ADJUSTING PADDING ON MOBILE */\r\n        .padding {\r\n          padding: 10px 5% 15px 5% !important;\r\n        }\r\n\r\n        .padding-meta {\r\n          padding: 30px 5% 0px 5% !important;\r\n          text-align: center;\r\n        }\r\n\r\n        .no-padding {\r\n          padding: 0 !important;\r\n        }\r\n\r\n        .section-padding {\r\n          padding: 50px 15px 50px 15px !important;\r\n        }\r\n\r\n        /* ADJUST BUTTONS ON MOBILE */\r\n        .mobile-button-container {\r\n            margin: 0 auto;\r\n            width: 100% !important;\r\n        }\r\n\r\n        .mobile-button {\r\n            padding: 15px !important;\r\n            border: 0 !important;\r\n            font-size: 16px !important;\r\n            display: block !important;\r\n        }\r\n\r\n    }\r\n\r\n    /* ANDROID CENTER FIX */\r\n    div[style*=\"margin: 16px 0;\"] { margin: 0 !important; }\r\n</style>\r\n<table border=\"0\" cellpadding=\"0\" cellspacing=\"0\" width=\"100%\">\r\n	<tbody>\r\n		<tr>\r\n			<td align=\"center\" bgcolor=\"#333333\"><!--[if (gte mso 9)|(IE)]>\r\n            <table align=\"center\" border=\"0\" cellspacing=\"0\" cellpadding=\"0\" width=\"500\">\r\n            <tr>\r\n            <td align=\"center\" valign=\"top\" width=\"500\">\r\n            <![endif]-->\r\n			<table border=\"0\" cellpadding=\"0\" cellspacing=\"0\" class=\"wrapper\" style=\"max-width: 500px;\" width=\"100%\">\r\n				<tbody>\r\n					<tr>\r\n						<td align=\"center\" class=\"logo\" style=\"padding: 15px 0;\" valign=\"top\"><a href=\"http://techdemolink.co.in/regalinvestments\" target=\"_blank\"><img alt=\"Logo\" border=\"0\" src=\"http://techdemolink.co.in/regalinvestments/public/img/logo.png\" style=\"display: block; font-family: Helvetica, Arial, sans-serif; color: #ffffff; font-size: 16px;\" /> </a></td>\r\n					</tr>\r\n				</tbody>\r\n			</table>\r\n			<!--[if (gte mso 9)|(IE)]>\r\n            </td>\r\n            </tr>\r\n            </table>\r\n            <![endif]--></td>\r\n		</tr>\r\n		<tr>\r\n			<td align=\"center\" bgcolor=\"#ffffff\" class=\"section-padding\" style=\"padding: 70px 15px 70px 15px;\"><!--[if (gte mso 9)|(IE)]>\r\n            <table align=\"center\" border=\"0\" cellspacing=\"0\" cellpadding=\"0\" width=\"500\">\r\n            <tr>\r\n            <td align=\"center\" valign=\"top\" width=\"500\">\r\n            <![endif]-->\r\n			<table border=\"0\" cellpadding=\"0\" cellspacing=\"0\" class=\"responsive-table\" style=\"max-width: 500px;\" width=\"100%\">\r\n				<tbody>\r\n					<tr>\r\n						<td><!-- HERO IMAGE -->\r\n						<table border=\"0\" cellpadding=\"0\" cellspacing=\"0\" width=\"100%\">\r\n							<tbody>\r\n								<tr>\r\n									<td align=\"center\" class=\"padding\">\r\n									<div style=\"background:url(http://techdemolink.co.in/regalinvestments/public/img/head-slider.png);height:233px;background-size:contain;width:100%;background-repeat:no-repeat;display:table;\">\r\n									<div style=\"font-family: Helvetica, arial, sans-serif; font-size: 26px;display:table-cell;vertical-align:middle;text-align:center;color:white;text-transform:uppercase;\">Resource</div>\r\n									</div>\r\n									</td>\r\n								</tr>\r\n								<tr>\r\n									<td><!-- COPY -->\r\n									<table border=\"0\" cellpadding=\"0\" cellspacing=\"0\" width=\"100%\">\r\n										<tbody>\r\n											<tr>\r\n												<td align=\"center\" class=\"padding\" style=\"font-size: 25px; font-family: Helvetica, Arial, sans-serif; color: #333333; padding-top: 30px;\">Dear Administrator</td>\r\n											</tr>\r\n											<tr>\r\n												<td align=\"center\" class=\"padding\" style=\"padding: 20px 0 0 0; font-size: 16px; line-height: 25px; font-family: Helvetica, Arial, sans-serif; color: #666666;\">Resource is requested by {user_name}.Please check resource request.</td>\r\n											</tr>\r\n										</tbody>\r\n									</table>\r\n									</td>\r\n								</tr>\r\n							</tbody>\r\n						</table>\r\n						</td>\r\n					</tr>\r\n				</tbody>\r\n			</table>\r\n			<!--[if (gte mso 9)|(IE)]>\r\n            </td>\r\n            </tr>\r\n            </table>\r\n            <![endif]--></td>\r\n		</tr>\r\n		<tr>\r\n			<td align=\"center\" bgcolor=\"#F5F7FA\" class=\"section-padding\" style=\"padding: 70px 15px 70px 15px;\"><!--[if (gte mso 9)|(IE)]>\r\n            <table align=\"center\" border=\"0\" cellspacing=\"0\" cellpadding=\"0\" width=\"500\">\r\n            <tr>\r\n            <td align=\"center\" valign=\"top\" width=\"500\">\r\n            <![endif]-->\r\n			<table border=\"0\" cellpadding=\"0\" cellspacing=\"0\" class=\"responsive-table\" style=\"max-width: 500px;\" width=\"100%\">\r\n				<tbody>\r\n					<tr>\r\n						<td><!-- TITLE SECTION AND COPY -->\r\n						<table border=\"0\" cellpadding=\"0\" cellspacing=\"0\" width=\"100%\">\r\n							<tbody>\r\n								<tr>\r\n									<td align=\"center\" class=\"padding\" style=\"font-size: 25px; font-family: Helvetica, Arial, sans-serif; color: #333333;\">The Regal Way</td>\r\n								</tr>\r\n								<tr>\r\n									<td align=\"center\" class=\"padding\" style=\"padding: 20px 0 20px 0; font-size: 16px; line-height: 25px; font-family: Helvetica, Arial, sans-serif; color: #666666;\">Lorem ipsum dolor sit amet, consectetur adipiscing elit.Lorem ipsum dolor sit amet, consectetur adipiscing elit. Sed varius, leo a ullamcorper feugiat, ante purus sodales justo, a faucibus libero lacus a est. Aenean at mollis ipsum.</td>\r\n								</tr>\r\n							</tbody>\r\n						</table>\r\n						</td>\r\n					</tr>\r\n				</tbody>\r\n			</table>\r\n			<!--[if (gte mso 9)|(IE)]>\r\n            </td>\r\n            </tr>\r\n            </table>\r\n            <![endif]--></td>\r\n		</tr>\r\n		<tr>\r\n			<td align=\"center\" bgcolor=\"#fcd116\" style=\"padding: 20px 0px;\"><!--[if (gte mso 9)|(IE)]>\r\n            <table align=\"center\" border=\"0\" cellspacing=\"0\" cellpadding=\"0\" width=\"500\">\r\n            <tr>\r\n            <td align=\"center\" valign=\"top\" width=\"500\">\r\n            <![endif]--><!-- UNSUBSCRIBE COPY -->\r\n			<table align=\"center\" border=\"0\" cellpadding=\"0\" cellspacing=\"0\" class=\"responsive-table\" style=\"max-width: 500px;\" width=\"100%\">\r\n				<tbody>\r\n					<tr>\r\n						<td align=\"center\" style=\"font-size: 12px; line-height: 18px; font-family: Helvetica, Arial, sans-serif; color:#666666;\">Copyright &copy; {year} {SITE_NAME}.<br />\r\n						<a href=\"http://techdemolink.co.in/regalinvestments\" style=\"color: #666666; text-decoration: none;\" target=\"_blank\">Visit Website</a></td>\r\n					</tr>\r\n				</tbody>\r\n			</table>\r\n			<!--[if (gte mso 9)|(IE)]>\r\n            </td>\r\n            </tr>\r\n            </table>\r\n            <![endif]--></td>\r\n		</tr>\r\n	</tbody>\r\n</table>\r\n',	'2018-01-14 09:40:43'),
('admin_withdraw_amount',	'Withdraw Amount',	'Withdraw Amount',	'<style type=\"text/css\">/* CLIENT-SPECIFIC STYLES */\r\n    body, table, td, a{-webkit-text-size-adjust: 100%; -ms-text-size-adjust: 100%;} /* Prevent WebKit and Windows mobile changing default text sizes */\r\n    table, td{mso-table-lspace: 0pt; mso-table-rspace: 0pt;} /* Remove spacing between tables in Outlook 2007 and up */\r\n    img{-ms-interpolation-mode: bicubic;} /* Allow smoother rendering of resized image in Internet Explorer */\r\n\r\n    /* RESET STYLES */\r\n    img{border: 0; height: auto; line-height: 100%; outline: none; text-decoration: none;}\r\n    table{border-collapse: collapse !important;}\r\n    body{height: 100% !important; margin: 0 !important; padding: 0 !important; width: 100% !important;}\r\n\r\n    /* iOS BLUE LINKS */\r\n    a[x-apple-data-detectors] {\r\n        color: inherit !important;\r\n        text-decoration: none !important;\r\n        font-size: inherit !important;\r\n        font-family: inherit !important;\r\n        font-weight: inherit !important;\r\n        line-height: inherit !important;\r\n    }\r\n\r\n    /* MOBILE STYLES */\r\n    @media screen and (max-width: 525px) {\r\n\r\n        /* ALLOWS FOR FLUID TABLES */\r\n        .wrapper {\r\n          width: 100% !important;\r\n        	max-width: 100% !important;\r\n        }\r\n\r\n        /* ADJUSTS LAYOUT OF LOGO IMAGE */\r\n        .logo img {\r\n          margin: 0 auto !important;\r\n        }\r\n\r\n        /* USE THESE CLASSES TO HIDE CONTENT ON MOBILE */\r\n        .mobile-hide {\r\n          display: none !important;\r\n        }\r\n\r\n        .img-max {\r\n          max-width: 100% !important;\r\n          width: 100% !important;\r\n          height: auto !important;\r\n        }\r\n\r\n        /* FULL-WIDTH TABLES */\r\n        .responsive-table {\r\n          width: 100% !important;\r\n        }\r\n\r\n        /* UTILITY CLASSES FOR ADJUSTING PADDING ON MOBILE */\r\n        .padding {\r\n          padding: 10px 5% 15px 5% !important;\r\n        }\r\n\r\n        .padding-meta {\r\n          padding: 30px 5% 0px 5% !important;\r\n          text-align: center;\r\n        }\r\n\r\n        .no-padding {\r\n          padding: 0 !important;\r\n        }\r\n\r\n        .section-padding {\r\n          padding: 50px 15px 50px 15px !important;\r\n        }\r\n\r\n        /* ADJUST BUTTONS ON MOBILE */\r\n        .mobile-button-container {\r\n            margin: 0 auto;\r\n            width: 100% !important;\r\n        }\r\n\r\n        .mobile-button {\r\n            padding: 15px !important;\r\n            border: 0 !important;\r\n            font-size: 16px !important;\r\n            display: block !important;\r\n        }\r\n\r\n    }\r\n\r\n    /* ANDROID CENTER FIX */\r\n    div[style*=\"margin: 16px 0;\"] { margin: 0 !important; }\r\n</style>\r\n<table border=\"0\" cellpadding=\"0\" cellspacing=\"0\" width=\"100%\">\r\n	<tbody>\r\n		<tr>\r\n			<td align=\"center\" bgcolor=\"#333333\"><!--[if (gte mso 9)|(IE)]>\r\n            <table align=\"center\" border=\"0\" cellspacing=\"0\" cellpadding=\"0\" width=\"500\">\r\n            <tr>\r\n            <td align=\"center\" valign=\"top\" width=\"500\">\r\n            <![endif]-->\r\n			<table border=\"0\" cellpadding=\"0\" cellspacing=\"0\" class=\"wrapper\" style=\"max-width: 500px;\" width=\"100%\">\r\n				<tbody>\r\n					<tr>\r\n						<td align=\"center\" class=\"logo\" style=\"padding: 15px 0;\" valign=\"top\"><a href=\"http://techdemolink.co.in/regalinvestments\" target=\"_blank\"><img alt=\"Logo\" border=\"0\" src=\"http://techdemolink.co.in/regalinvestments/public/img/logo.png\" style=\"display: block; font-family: Helvetica, Arial, sans-serif; color: #ffffff; font-size: 16px;\" /> </a></td>\r\n					</tr>\r\n				</tbody>\r\n			</table>\r\n			<!--[if (gte mso 9)|(IE)]>\r\n            </td>\r\n            </tr>\r\n            </table>\r\n            <![endif]--></td>\r\n		</tr>\r\n		<tr>\r\n			<td align=\"center\" bgcolor=\"#ffffff\" class=\"section-padding\" style=\"padding: 70px 15px 70px 15px;\"><!--[if (gte mso 9)|(IE)]>\r\n            <table align=\"center\" border=\"0\" cellspacing=\"0\" cellpadding=\"0\" width=\"500\">\r\n            <tr>\r\n            <td align=\"center\" valign=\"top\" width=\"500\">\r\n            <![endif]-->\r\n			<table border=\"0\" cellpadding=\"0\" cellspacing=\"0\" class=\"responsive-table\" style=\"max-width: 500px;\" width=\"100%\">\r\n				<tbody>\r\n					<tr>\r\n						<td><!-- HERO IMAGE -->\r\n						<table border=\"0\" cellpadding=\"0\" cellspacing=\"0\" width=\"100%\">\r\n							<tbody>\r\n								<tr>\r\n									<td align=\"center\" class=\"padding\">\r\n									<div style=\"background:url(https://image.ibb.co/cTnWbm/HEADER_3.png);height:233px;background-size:contain;width:100%;background-repeat:no-repeat;display:table;\">\r\n									<div style=\"font-family: Helvetica, arial, sans-serif; font-size: 26px;display:table-cell;vertical-align:middle;text-align:center;color:white;text-transform:uppercase;\"><br />\r\n									Withdrawal Amount</div>\r\n									</div>\r\n									</td>\r\n								</tr>\r\n								<tr>\r\n									<td><!-- COPY -->\r\n									<table border=\"0\" cellpadding=\"0\" cellspacing=\"0\" width=\"100%\">\r\n										<tbody>\r\n											<tr>\r\n												<td align=\"center\" class=\"padding\" style=\"font-size: 25px; font-family: Helvetica, Arial, sans-serif; color: #333333; padding-top: 30px;\">Dear Administrator</td>\r\n											</tr>\r\n											<tr>\r\n												<td align=\"center\" class=\"padding\" style=\"padding: 20px 0 0 0; font-size: 16px; line-height: 25px; font-family: Helvetica, Arial, sans-serif; color: #666666;\">Withdraw Amount {withdraw_currency}{withdraw_amount} via {withdraw_method} is requested by {user_name}.Please check Withdraw request.</td>\r\n											</tr>\r\n										</tbody>\r\n									</table>\r\n									</td>\r\n								</tr>\r\n							</tbody>\r\n						</table>\r\n						</td>\r\n					</tr>\r\n				</tbody>\r\n			</table>\r\n			<!--[if (gte mso 9)|(IE)]>\r\n            </td>\r\n            </tr>\r\n            </table>\r\n            <![endif]--></td>\r\n		</tr>\r\n		<tr>\r\n			<td align=\"center\" bgcolor=\"#F5F7FA\" class=\"section-padding\" style=\"padding: 70px 15px 70px 15px;\"><!--[if (gte mso 9)|(IE)]>\r\n            <table align=\"center\" border=\"0\" cellspacing=\"0\" cellpadding=\"0\" width=\"500\">\r\n            <tr>\r\n            <td align=\"center\" valign=\"top\" width=\"500\">\r\n            <![endif]-->\r\n			<table border=\"0\" cellpadding=\"0\" cellspacing=\"0\" class=\"responsive-table\" style=\"max-width: 500px;\" width=\"100%\">\r\n				<tbody>\r\n					<tr>\r\n						<td><!-- TITLE SECTION AND COPY -->\r\n						<table border=\"0\" cellpadding=\"0\" cellspacing=\"0\" width=\"100%\">\r\n							<tbody>\r\n								<tr>\r\n									<td align=\"center\" class=\"padding\" style=\"font-size: 25px; font-family: Helvetica, Arial, sans-serif; color: #333333;\">The Regal Way</td>\r\n								</tr>\r\n								<tr>\r\n									<td align=\"center\" class=\"padding\" style=\"padding: 20px 0 20px 0; font-size: 16px; line-height: 25px; font-family: Helvetica, Arial, sans-serif; color: #666666;\">Lorem ipsum dolor sit amet, consectetur adipiscing elit.Lorem ipsum dolor sit amet, consectetur adipiscing elit. Sed varius, leo a ullamcorper feugiat, ante purus sodales justo, a faucibus libero lacus a est. Aenean at mollis ipsum.</td>\r\n								</tr>\r\n							</tbody>\r\n						</table>\r\n						</td>\r\n					</tr>\r\n				</tbody>\r\n			</table>\r\n			<!--[if (gte mso 9)|(IE)]>\r\n            </td>\r\n            </tr>\r\n            </table>\r\n            <![endif]--></td>\r\n		</tr>\r\n		<tr>\r\n			<td align=\"center\" bgcolor=\"#fcd116\" style=\"padding: 20px 0px;\"><!--[if (gte mso 9)|(IE)]>\r\n            <table align=\"center\" border=\"0\" cellspacing=\"0\" cellpadding=\"0\" width=\"500\">\r\n            <tr>\r\n            <td align=\"center\" valign=\"top\" width=\"500\">\r\n            <![endif]--><!-- UNSUBSCRIBE COPY -->\r\n			<table align=\"center\" border=\"0\" cellpadding=\"0\" cellspacing=\"0\" class=\"responsive-table\" style=\"max-width: 500px;\" width=\"100%\">\r\n				<tbody>\r\n					<tr>\r\n						<td align=\"center\" style=\"font-size: 12px; line-height: 18px; font-family: Helvetica, Arial, sans-serif; color:#666666;\">Copyright &copy; {year} {SITE_NAME}.<br />\r\n						<a href=\"http://techdemolink.co.in/regalinvestments\" style=\"color: #666666; text-decoration: none;\" target=\"_blank\">Visit Website</a></td>\r\n					</tr>\r\n				</tbody>\r\n			</table>\r\n			<!--[if (gte mso 9)|(IE)]>\r\n            </td>\r\n            </tr>\r\n            </table>\r\n            <![endif]--></td>\r\n		</tr>\r\n	</tbody>\r\n</table>\r\n',	'2018-01-14 09:43:18'),
('contact_us_admin',	'Contact Us Admin Format',	'Contact Us Mail',	'<style type=\"text/css\">/* CLIENT-SPECIFIC STYLES */\r\n    body, table, td, a{-webkit-text-size-adjust: 100%; -ms-text-size-adjust: 100%;} /* Prevent WebKit and Windows mobile changing default text sizes */\r\n    table, td{mso-table-lspace: 0pt; mso-table-rspace: 0pt;} /* Remove spacing between tables in Outlook 2007 and up */\r\n    img{-ms-interpolation-mode: bicubic;} /* Allow smoother rendering of resized image in Internet Explorer */\r\n\r\n    /* RESET STYLES */\r\n    img{border: 0; height: auto; line-height: 100%; outline: none; text-decoration: none;}\r\n    table{border-collapse: collapse !important;}\r\n    body{height: 100% !important; margin: 0 !important; padding: 0 !important; width: 100% !important;}\r\n\r\n    /* iOS BLUE LINKS */\r\n    a[x-apple-data-detectors] {\r\n        color: inherit !important;\r\n        text-decoration: none !important;\r\n        font-size: inherit !important;\r\n        font-family: inherit !important;\r\n        font-weight: inherit !important;\r\n        line-height: inherit !important;\r\n    }\r\n\r\n    /* MOBILE STYLES */\r\n    @media screen and (max-width: 525px) {\r\n\r\n        /* ALLOWS FOR FLUID TABLES */\r\n        .wrapper {\r\n          width: 100% !important;\r\n        	max-width: 100% !important;\r\n        }\r\n\r\n        /* ADJUSTS LAYOUT OF LOGO IMAGE */\r\n        .logo img {\r\n          margin: 0 auto !important;\r\n        }\r\n\r\n        /* USE THESE CLASSES TO HIDE CONTENT ON MOBILE */\r\n        .mobile-hide {\r\n          display: none !important;\r\n        }\r\n\r\n        .img-max {\r\n          max-width: 100% !important;\r\n          width: 100% !important;\r\n          height: auto !important;\r\n        }\r\n\r\n        /* FULL-WIDTH TABLES */\r\n        .responsive-table {\r\n          width: 100% !important;\r\n        }\r\n\r\n        /* UTILITY CLASSES FOR ADJUSTING PADDING ON MOBILE */\r\n        .padding {\r\n          padding: 10px 5% 15px 5% !important;\r\n        }\r\n\r\n        .padding-meta {\r\n          padding: 30px 5% 0px 5% !important;\r\n          text-align: center;\r\n        }\r\n\r\n        .no-padding {\r\n          padding: 0 !important;\r\n        }\r\n\r\n        .section-padding {\r\n          padding: 50px 15px 50px 15px !important;\r\n        }\r\n\r\n        /* ADJUST BUTTONS ON MOBILE */\r\n        .mobile-button-container {\r\n            margin: 0 auto;\r\n            width: 100% !important;\r\n        }\r\n\r\n        .mobile-button {\r\n            padding: 15px !important;\r\n            border: 0 !important;\r\n            font-size: 16px !important;\r\n            display: block !important;\r\n        }\r\n\r\n    }\r\n\r\n    /* ANDROID CENTER FIX */\r\n    div[style*=\"margin: 16px 0;\"] { margin: 0 !important; }\r\n</style>\r\n<table border=\"0\" cellpadding=\"0\" cellspacing=\"0\" width=\"100%\">\r\n	<tbody>\r\n		<tr>\r\n			<td align=\"center\" bgcolor=\"#333333\"><!--[if (gte mso 9)|(IE)]>\r\n            <table align=\"center\" border=\"0\" cellspacing=\"0\" cellpadding=\"0\" width=\"500\">\r\n            <tr>\r\n            <td align=\"center\" valign=\"top\" width=\"500\">\r\n            <![endif]-->\r\n			<table border=\"0\" cellpadding=\"0\" cellspacing=\"0\" class=\"wrapper\" style=\"max-width: 500px;\" width=\"100%\">\r\n				<tbody>\r\n					<tr>\r\n						<td align=\"center\" class=\"logo\" style=\"padding: 15px 0;\" valign=\"top\"><a href=\"http://techdemolink.co.in/regalinvestments\" target=\"_blank\"><img alt=\"Logo\" border=\"0\" src=\"http://techdemolink.co.in/regalinvestments/public/img/logo.png\" style=\"display: block; font-family: Helvetica, Arial, sans-serif; color: #ffffff; font-size: 16px;\" /> </a></td>\r\n					</tr>\r\n				</tbody>\r\n			</table>\r\n			<!--[if (gte mso 9)|(IE)]>\r\n            </td>\r\n            </tr>\r\n            </table>\r\n            <![endif]--></td>\r\n		</tr>\r\n		<tr>\r\n			<td align=\"center\" bgcolor=\"#ffffff\" class=\"section-padding\" style=\"padding: 70px 15px 70px 15px;\"><!--[if (gte mso 9)|(IE)]>\r\n            <table align=\"center\" border=\"0\" cellspacing=\"0\" cellpadding=\"0\" width=\"500\">\r\n            <tr>\r\n            <td align=\"center\" valign=\"top\" width=\"500\">\r\n            <![endif]-->\r\n			<table border=\"0\" cellpadding=\"0\" cellspacing=\"0\" class=\"responsive-table\" style=\"max-width: 500px;\" width=\"100%\">\r\n				<tbody>\r\n					<tr>\r\n						<td><!-- HERO IMAGE -->\r\n						<table border=\"0\" cellpadding=\"0\" cellspacing=\"0\" width=\"100%\">\r\n							<tbody>\r\n								<tr>\r\n									<td align=\"center\" class=\"padding\">\r\n									<div style=\"background:url(https://image.ibb.co/cTnWbm/HEADER_3.png);height:233px;background-size:contain;width:100%;background-repeat:no-repeat;display:table;\">\r\n									<div style=\"font-family: Helvetica, arial, sans-serif; font-size: 26px;display:table-cell;vertical-align:middle;text-align:center;color:white;text-transform:uppercase;\">Contact US</div>\r\n									</div>\r\n									</td>\r\n								</tr>\r\n								<tr>\r\n									<td><!-- COPY -->\r\n									<table border=\"0\" cellpadding=\"0\" cellspacing=\"0\" width=\"100%\">\r\n										<tbody>\r\n											<tr>\r\n												<td align=\"center\" class=\"padding\" style=\"font-size: 25px; font-family: Helvetica, Arial, sans-serif; color: #333333; padding-top: 30px;\">Dear Administrator</td>\r\n											</tr>\r\n											<tr>\r\n												<td align=\"center\" class=\"padding\" style=\"padding: 20px 0 0 0; font-size: 16px; line-height: 25px; font-family: Helvetica, Arial, sans-serif; color: #666666;\">\r\n												<div style=\"padding:10px;\">\r\n												<div style=\"text-decoration:underline;color: #000;font-weight:600;font-size:16px;margin-bottom:15px;\">Contact Details:</div>\r\n\r\n												<div style=\"color:#000;font-size:14px;text-align: left;\">\r\n												<div style=\"border-left: 2px solid #000;padding-left:5px;margin-bottom:10px;\">Name - <strong>{guest_name}</strong></div>\r\n\r\n												<div style=\"border-left: 2px solid #000;padding-left:5px;margin-bottom:10px;\">Email Address - <strong>{guest_email}</strong></div>\r\n\r\n												<div style=\"border-left: 2px solid #000;padding-left:5px;margin-bottom:10px;\">Phone - <strong>{guest_phone}</strong></div>\r\n\r\n												<div style=\"border-left: 2px solid #000;padding-left:5px;margin-bottom:10px;\">Message - <strong>{guest_message}</strong></div>\r\n												</div>\r\n												</div>\r\n												</td>\r\n											</tr>\r\n										</tbody>\r\n									</table>\r\n									</td>\r\n								</tr>\r\n							</tbody>\r\n						</table>\r\n						</td>\r\n					</tr>\r\n				</tbody>\r\n			</table>\r\n			<br />\r\n			<iframe allowfullscreen=\"1\" frameborder=\"0\" height=\"315\" src=\"//www.youtube.com/embed/Gp40Uztk3bg?rel=0\" width=\"560\"></iframe></td>\r\n		</tr>\r\n		<tr>\r\n			<td align=\"center\" bgcolor=\"#F5F7FA\" class=\"section-padding\" style=\"padding: 70px 15px 70px 15px;\"><!--[if (gte mso 9)|(IE)]>\r\n            <table align=\"center\" border=\"0\" cellspacing=\"0\" cellpadding=\"0\" width=\"500\">\r\n            <tr>\r\n            <td align=\"center\" valign=\"top\" width=\"500\">\r\n            <![endif]-->\r\n			<table border=\"0\" cellpadding=\"0\" cellspacing=\"0\" class=\"responsive-table\" style=\"max-width: 500px;\" width=\"100%\">\r\n				<tbody>\r\n					<tr>\r\n						<td><!-- TITLE SECTION AND COPY -->\r\n						<table border=\"0\" cellpadding=\"0\" cellspacing=\"0\" width=\"100%\">\r\n							<tbody>\r\n								<tr>\r\n									<td align=\"center\" class=\"padding\" style=\"font-size: 25px; font-family: Helvetica, Arial, sans-serif; color: #333333;\">The Regal Way</td>\r\n								</tr>\r\n								<tr>\r\n									<td align=\"center\" class=\"padding\" style=\"padding: 20px 0 20px 0; font-size: 16px; line-height: 25px; font-family: Helvetica, Arial, sans-serif; color: #666666;\">Lorem ipsum dolor sit amet, consectetur adipiscing elit.Lorem ipsum dolor sit amet, consectetur adipiscing elit. Sed varius, leo a ullamcorper feugiat, ante purus sodales justo, a faucibus libero lacus a est. Aenean at mollis ipsum.</td>\r\n								</tr>\r\n							</tbody>\r\n						</table>\r\n						</td>\r\n					</tr>\r\n				</tbody>\r\n			</table>\r\n			<!--[if (gte mso 9)|(IE)]>\r\n            </td>\r\n            </tr>\r\n            </table>\r\n            <![endif]--></td>\r\n		</tr>\r\n		<tr>\r\n			<td align=\"center\" bgcolor=\"#fcd116\" style=\"padding: 20px 0px;\"><!--[if (gte mso 9)|(IE)]>\r\n            <table align=\"center\" border=\"0\" cellspacing=\"0\" cellpadding=\"0\" width=\"500\">\r\n            <tr>\r\n            <td align=\"center\" valign=\"top\" width=\"500\">\r\n            <![endif]--><!-- UNSUBSCRIBE COPY -->\r\n			<table align=\"center\" border=\"0\" cellpadding=\"0\" cellspacing=\"0\" class=\"responsive-table\" style=\"max-width: 500px;\" width=\"100%\">\r\n				<tbody>\r\n					<tr>\r\n						<td align=\"center\" style=\"font-size: 12px; line-height: 18px; font-family: Helvetica, Arial, sans-serif; color:#666666;\">Copyright &copy; {year} {SITE_NAME}.<br />\r\n						<a href=\"http://techdemolink.co.in/regalinvestments\" style=\"color: #666666; text-decoration: none;\" target=\"_blank\">Visit Website</a></td>\r\n					</tr>\r\n				</tbody>\r\n			</table>\r\n			<!--[if (gte mso 9)|(IE)]>\r\n            </td>\r\n            </tr>\r\n            </table>\r\n            <![endif]--></td>\r\n		</tr>\r\n	</tbody>\r\n</table>\r\n',	'2018-01-14 10:13:44'),
('deposit_approve_request',	'Deposit Approve Request',	'Deposit Received',	'<style type=\"text/css\">/* CLIENT-SPECIFIC STYLES */\r\n    body, table, td, a{-webkit-text-size-adjust: 100%; -ms-text-size-adjust: 100%;} /* Prevent WebKit and Windows mobile changing default text sizes */\r\n    table, td{mso-table-lspace: 0pt; mso-table-rspace: 0pt;} /* Remove spacing between tables in Outlook 2007 and up */\r\n    img{-ms-interpolation-mode: bicubic;} /* Allow smoother rendering of resized image in Internet Explorer */\r\n\r\n    /* RESET STYLES */\r\n    img{border: 0; height: auto; line-height: 100%; outline: none; text-decoration: none;}\r\n    table{border-collapse: collapse !important;}\r\n    body{height: 100% !important; margin: 0 !important; padding: 0 !important; width: 100% !important;}\r\n\r\n    /* iOS BLUE LINKS */\r\n    a[x-apple-data-detectors] {\r\n        color: inherit !important;\r\n        text-decoration: none !important;\r\n        font-size: inherit !important;\r\n        font-family: inherit !important;\r\n        font-weight: inherit !important;\r\n        line-height: inherit !important;\r\n    }\r\n\r\n    /* MOBILE STYLES */\r\n    @media screen and (max-width: 525px) {\r\n\r\n        /* ALLOWS FOR FLUID TABLES */\r\n        .wrapper {\r\n          width: 100% !important;\r\n        	max-width: 100% !important;\r\n        }\r\n\r\n        /* ADJUSTS LAYOUT OF LOGO IMAGE */\r\n        .logo img {\r\n          margin: 0 auto !important;\r\n        }\r\n\r\n        /* USE THESE CLASSES TO HIDE CONTENT ON MOBILE */\r\n        .mobile-hide {\r\n          display: none !important;\r\n        }\r\n\r\n        .img-max {\r\n          max-width: 100% !important;\r\n          width: 100% !important;\r\n          height: auto !important;\r\n        }\r\n\r\n        /* FULL-WIDTH TABLES */\r\n        .responsive-table {\r\n          width: 100% !important;\r\n        }\r\n\r\n        /* UTILITY CLASSES FOR ADJUSTING PADDING ON MOBILE */\r\n        .padding {\r\n          padding: 10px 5% 15px 5% !important;\r\n        }\r\n\r\n        .padding-meta {\r\n          padding: 30px 5% 0px 5% !important;\r\n          text-align: center;\r\n        }\r\n\r\n        .no-padding {\r\n          padding: 0 !important;\r\n        }\r\n\r\n        .section-padding {\r\n          padding: 50px 15px 50px 15px !important;\r\n        }\r\n\r\n        /* ADJUST BUTTONS ON MOBILE */\r\n        .mobile-button-container {\r\n            margin: 0 auto;\r\n            width: 100% !important;\r\n        }\r\n\r\n        .mobile-button {\r\n            padding: 15px !important;\r\n            border: 0 !important;\r\n            font-size: 16px !important;\r\n            display: block !important;\r\n        }\r\n\r\n    }\r\n\r\n    /* ANDROID CENTER FIX */\r\n    div[style*=\"margin: 16px 0;\"] { margin: 0 !important; }\r\n</style>\r\n<table border=\"0\" cellpadding=\"0\" cellspacing=\"0\" width=\"100%\">\r\n	<tbody>\r\n		<tr>\r\n			<td align=\"center\" bgcolor=\"#333333\"><!--[if (gte mso 9)|(IE)]>\r\n            <table align=\"center\" border=\"0\" cellspacing=\"0\" cellpadding=\"0\" width=\"500\">\r\n            <tr>\r\n            <td align=\"center\" valign=\"top\" width=\"500\">\r\n            <![endif]-->\r\n			<table border=\"0\" cellpadding=\"0\" cellspacing=\"0\" class=\"wrapper\" style=\"max-width: 500px;\" width=\"100%\">\r\n				<tbody>\r\n					<tr>\r\n						<td align=\"center\" class=\"logo\" style=\"padding: 15px 0;\" valign=\"top\"><a href=\"http://techdemolink.co.in/regalinvestments\" target=\"_blank\"><img alt=\"Logo\" border=\"0\" src=\"http://techdemolink.co.in/regalinvestments/public/img/logo.png\" style=\"display: block; font-family: Helvetica, Arial, sans-serif; color: #ffffff; font-size: 16px;\" /> </a></td>\r\n					</tr>\r\n				</tbody>\r\n			</table>\r\n			<!--[if (gte mso 9)|(IE)]>\r\n            </td>\r\n            </tr>\r\n            </table>\r\n            <![endif]--></td>\r\n		</tr>\r\n		<tr>\r\n			<td align=\"center\" bgcolor=\"#ffffff\" class=\"section-padding\" style=\"padding: 70px 15px 70px 15px;\"><!--[if (gte mso 9)|(IE)]>\r\n            <table align=\"center\" border=\"0\" cellspacing=\"0\" cellpadding=\"0\" width=\"500\">\r\n            <tr>\r\n            <td align=\"center\" valign=\"top\" width=\"500\">\r\n            <![endif]-->\r\n			<table border=\"0\" cellpadding=\"0\" cellspacing=\"0\" class=\"responsive-table\" style=\"max-width: 500px;\" width=\"100%\">\r\n				<tbody>\r\n					<tr>\r\n						<td><!-- HERO IMAGE -->\r\n						<table border=\"0\" cellpadding=\"0\" cellspacing=\"0\" width=\"100%\">\r\n							<tbody>\r\n								<tr>\r\n									<td align=\"center\" class=\"padding\">\r\n									<div style=\"background:url(https://image.ibb.co/jRTR96/HEADER_4.png);height:233px;background-size:contain;width:100%;background-repeat:no-repeat;display:table;\">\r\n									<div style=\"font-family: Helvetica, arial, sans-serif; font-size: 26px;display:table-cell;vertical-align:middle;text-align:center;color:white;text-transform:uppercase;\">Deposit received&nbsp;</div>\r\n									</div>\r\n									</td>\r\n								</tr>\r\n								<tr>\r\n									<td><!-- COPY -->\r\n									<table border=\"0\" cellpadding=\"0\" cellspacing=\"0\" width=\"100%\">\r\n										<tbody>\r\n											<tr>\r\n												<td align=\"center\" class=\"padding\" style=\"font-size: 25px; font-family: Helvetica, Arial, sans-serif; color: #333333; padding-top: 30px;\">Dear {user_name}</td>\r\n											</tr>\r\n											<tr>\r\n												<td align=\"center\" class=\"padding\" style=\"padding: 20px 0 0 0; font-size: 16px; line-height: 25px; font-family: Helvetica, Arial, sans-serif; color: #666666;\">Your deposit has been processed.</td>\r\n											</tr>\r\n										</tbody>\r\n									</table>\r\n									</td>\r\n								</tr>\r\n							</tbody>\r\n						</table>\r\n						</td>\r\n					</tr>\r\n				</tbody>\r\n			</table>\r\n			<!--[if (gte mso 9)|(IE)]>\r\n            </td>\r\n            </tr>\r\n            </table>\r\n            <![endif]--></td>\r\n		</tr>\r\n		<tr>\r\n			<td align=\"center\" bgcolor=\"#F5F7FA\" class=\"section-padding\" style=\"padding: 70px 15px 70px 15px;\"><!--[if (gte mso 9)|(IE)]>\r\n            <table align=\"center\" border=\"0\" cellspacing=\"0\" cellpadding=\"0\" width=\"500\">\r\n            <tr>\r\n            <td align=\"center\" valign=\"top\" width=\"500\">\r\n            <![endif]-->\r\n			<table border=\"0\" cellpadding=\"0\" cellspacing=\"0\" class=\"responsive-table\" style=\"max-width: 500px;\" width=\"100%\">\r\n				<tbody>\r\n					<tr>\r\n						<td><!-- TITLE SECTION AND COPY -->\r\n						<table border=\"0\" cellpadding=\"0\" cellspacing=\"0\" width=\"100%\">\r\n							<tbody>\r\n								<tr>\r\n									<td align=\"center\" class=\"padding\" style=\"font-size: 25px; font-family: Helvetica, Arial, sans-serif; color: #333333;\">The Regal Way</td>\r\n								</tr>\r\n								<tr>\r\n									<td align=\"center\" class=\"padding\" style=\"padding: 20px 0 20px 0; font-size: 16px; line-height: 25px; font-family: Helvetica, Arial, sans-serif; color: #666666;\">Lorem ipsum dolor sit amet, consectetur adipiscing elit.Lorem ipsum dolor sit amet, consectetur adipiscing elit. Sed varius, leo a ullamcorper feugiat, ante purus sodales justo, a faucibus libero lacus a est. Aenean at mollis ipsum.</td>\r\n								</tr>\r\n							</tbody>\r\n						</table>\r\n						</td>\r\n					</tr>\r\n				</tbody>\r\n			</table>\r\n			<!--[if (gte mso 9)|(IE)]>\r\n            </td>\r\n            </tr>\r\n            </table>\r\n            <![endif]--></td>\r\n		</tr>\r\n		<tr>\r\n			<td align=\"center\" bgcolor=\"#fcd116\" style=\"padding: 20px 0px;\"><!--[if (gte mso 9)|(IE)]>\r\n            <table align=\"center\" border=\"0\" cellspacing=\"0\" cellpadding=\"0\" width=\"500\">\r\n            <tr>\r\n            <td align=\"center\" valign=\"top\" width=\"500\">\r\n            <![endif]--><!-- UNSUBSCRIBE COPY -->\r\n			<table align=\"center\" border=\"0\" cellpadding=\"0\" cellspacing=\"0\" class=\"responsive-table\" style=\"max-width: 500px;\" width=\"100%\">\r\n				<tbody>\r\n					<tr>\r\n						<td align=\"center\" style=\"font-size: 12px; line-height: 18px; font-family: Helvetica, Arial, sans-serif; color:#666666;\">Copyright &copy; {year} {SITE_NAME}.<br />\r\n						<a href=\"http://techdemolink.co.in/regalinvestments\" style=\"color: #666666; text-decoration: none;\" target=\"_blank\">Visit Website</a></td>\r\n					</tr>\r\n				</tbody>\r\n			</table>\r\n			<!--[if (gte mso 9)|(IE)]>\r\n            </td>\r\n            </tr>\r\n            </table>\r\n            <![endif]--></td>\r\n		</tr>\r\n	</tbody>\r\n</table>',	'2018-01-14 10:22:35'),
('registration_email',	'Registration Email',	'Registration Successful',	'<style type=\"text/css\">/* CLIENT-SPECIFIC STYLES */\r\n    body, table, td, a{-webkit-text-size-adjust: 100%; -ms-text-size-adjust: 100%;} /* Prevent WebKit and Windows mobile changing default text sizes */\r\n    table, td{mso-table-lspace: 0pt; mso-table-rspace: 0pt;} /* Remove spacing between tables in Outlook 2007 and up */\r\n    img{-ms-interpolation-mode: bicubic;} /* Allow smoother rendering of resized image in Internet Explorer */\r\n\r\n    /* RESET STYLES */\r\n    img{border: 0; height: auto; line-height: 100%; outline: none; text-decoration: none;}\r\n    table{border-collapse: collapse !important;}\r\n    body{height: 100% !important; margin: 0 !important; padding: 0 !important; width: 100% !important;}\r\n\r\n    /* iOS BLUE LINKS */\r\n    a[x-apple-data-detectors] {\r\n        color: inherit !important;\r\n        text-decoration: none !important;\r\n        font-size: inherit !important;\r\n        font-family: inherit !important;\r\n        font-weight: inherit !important;\r\n        line-height: inherit !important;\r\n    }\r\n\r\n    /* MOBILE STYLES */\r\n    @media screen and (max-width: 525px) {\r\n\r\n        /* ALLOWS FOR FLUID TABLES */\r\n        .wrapper {\r\n          width: 100% !important;\r\n        	max-width: 100% !important;\r\n        }\r\n\r\n        /* ADJUSTS LAYOUT OF LOGO IMAGE */\r\n        .logo img {\r\n          margin: 0 auto !important;\r\n        }\r\n\r\n        /* USE THESE CLASSES TO HIDE CONTENT ON MOBILE */\r\n        .mobile-hide {\r\n          display: none !important;\r\n        }\r\n\r\n        .img-max {\r\n          max-width: 100% !important;\r\n          width: 100% !important;\r\n          height: auto !important;\r\n        }\r\n\r\n        /* FULL-WIDTH TABLES */\r\n        .responsive-table {\r\n          width: 100% !important;\r\n        }\r\n\r\n        /* UTILITY CLASSES FOR ADJUSTING PADDING ON MOBILE */\r\n        .padding {\r\n          padding: 10px 5% 15px 5% !important;\r\n        }\r\n\r\n        .padding-meta {\r\n          padding: 30px 5% 0px 5% !important;\r\n          text-align: center;\r\n        }\r\n\r\n        .no-padding {\r\n          padding: 0 !important;\r\n        }\r\n\r\n        .section-padding {\r\n          padding: 50px 15px 50px 15px !important;\r\n        }\r\n\r\n        /* ADJUST BUTTONS ON MOBILE */\r\n        .mobile-button-container {\r\n            margin: 0 auto;\r\n            width: 100% !important;\r\n        }\r\n\r\n        .mobile-button {\r\n            padding: 15px !important;\r\n            border: 0 !important;\r\n            font-size: 16px !important;\r\n            display: block !important;\r\n        }\r\n\r\n    }\r\n\r\n    /* ANDROID CENTER FIX */\r\n    div[style*=\"margin: 16px 0;\"] { margin: 0 !important; }\r\n</style>\r\n<!-- HIDDEN PREHEADER TEXT -->\r\n<div style=\"display: none; font-size: 1px; color: #fefefe; line-height: 1px; font-family: Helvetica, Arial, sans-serif; max-height: 0px; max-width: 0px; opacity: 0; overflow: hidden;\">Entice the open with some amazing preheader text. Use a little mystery and get those subscribers to read through...</div>\r\n<!-- HEADER -->\r\n\r\n<table border=\"0\" cellpadding=\"0\" cellspacing=\"0\" width=\"100%\">\r\n	<tbody>\r\n		<tr>\r\n			<td align=\"center\" bgcolor=\"#333333\"><!--[if (gte mso 9)|(IE)]>\r\n            <table align=\"center\" border=\"0\" cellspacing=\"0\" cellpadding=\"0\" width=\"500\">\r\n            <tr>\r\n            <td align=\"center\" valign=\"top\" width=\"500\">\r\n            <![endif]-->\r\n			<table border=\"0\" cellpadding=\"0\" cellspacing=\"0\" class=\"wrapper\" style=\"max-width: 500px;\" width=\"100%\">\r\n				<tbody>\r\n					<tr>\r\n						<td align=\"center\" class=\"logo\" style=\"padding: 15px 0;\" valign=\"top\"><a href=\"http://techdemolink.co.in/regalinvestments\" target=\"_blank\"><img alt=\"Logo\" border=\"0\" src=\"http://techdemolink.co.in/regalinvestments/public/img/logo.png\" style=\"display: block; font-family: Helvetica, Arial, sans-serif; color: #ffffff; font-size: 16px;\" /> </a></td>\r\n					</tr>\r\n				</tbody>\r\n			</table>\r\n			<!--[if (gte mso 9)|(IE)]>\r\n            </td>\r\n            </tr>\r\n            </table>\r\n            <![endif]--></td>\r\n		</tr>\r\n		<tr>\r\n			<td align=\"center\" bgcolor=\"#ffffff\" class=\"section-padding\" style=\"padding: 70px 15px 70px 15px;\"><!--[if (gte mso 9)|(IE)]>\r\n            <table align=\"center\" border=\"0\" cellspacing=\"0\" cellpadding=\"0\" width=\"500\">\r\n            <tr>\r\n            <td align=\"center\" valign=\"top\" width=\"500\">\r\n            <![endif]-->\r\n			<table border=\"0\" cellpadding=\"0\" cellspacing=\"0\" class=\"responsive-table\" style=\"max-width: 500px;\" width=\"100%\">\r\n				<tbody>\r\n					<tr>\r\n						<td><!-- HERO IMAGE -->\r\n						<table border=\"0\" cellpadding=\"0\" cellspacing=\"0\" width=\"100%\">\r\n							<tbody>\r\n								<tr>\r\n									<td align=\"center\" class=\"padding\">\r\n									<div style=\"background:url(https://image.ibb.co/jRTR96/HEADER_4.png);height:233px;background-size:contain;width:100%;background-repeat:no-repeat;display:table;\">\r\n									<div style=\"font-family: Helvetica, arial, sans-serif; font-size: 26px;display:table-cell;vertical-align:middle;text-align:center;color:white;\">Welcome to&nbsp;Regal Investments</div>\r\n									</div>\r\n									</td>\r\n								</tr>\r\n								<tr>\r\n									<td><!-- COPY -->\r\n									<table border=\"0\" cellpadding=\"0\" cellspacing=\"0\" width=\"100%\">\r\n										<tbody>\r\n											<tr>\r\n												<td align=\"center\" class=\"padding\" style=\"font-size: 25px; font-family: Helvetica, Arial, sans-serif; color: #333333; padding-top: 30px;\">Dear {member_name}</td>\r\n											</tr>\r\n											<tr>\r\n												<td align=\"center\" class=\"padding\" style=\"padding: 20px 0 0 0; font-size: 16px; line-height: 25px; font-family: Helvetica, Arial, sans-serif; color: #666666;\">You have successfully registered with Regal Investments. Please click the link below to verify your email address.</td>\r\n											</tr>\r\n										</tbody>\r\n									</table>\r\n									</td>\r\n								</tr>\r\n								<tr>\r\n									<td align=\"center\">\r\n									<table border=\"0\" cellpadding=\"0\" cellspacing=\"0\" width=\"100%\">\r\n										<tbody>\r\n											<tr>\r\n												<td align=\"center\" class=\"padding\" style=\"padding-top: 25px;\">\r\n												<table border=\"0\" cellpadding=\"0\" cellspacing=\"0\" class=\"mobile-button-container\">\r\n													<tbody>\r\n														<tr>\r\n															<td align=\"center\" bgcolor=\"#fcd116\" style=\"border-radius: 3px;\"><a class=\"mobile-button\" href=\"{verification_link}\" style=\"font-size: 16px; font-family: Helvetica, Arial, sans-serif; color: #ffffff;text-decoration: none; border-radius: 3px; padding: 15px 25px; border: 1px solid #fcd116; display: inline-block;\" target=\"_blank\">Verify Email &rarr;</a></td>\r\n														</tr>\r\n													</tbody>\r\n												</table>\r\n												</td>\r\n											</tr>\r\n										</tbody>\r\n									</table>\r\n									</td>\r\n								</tr>\r\n							</tbody>\r\n						</table>\r\n						</td>\r\n					</tr>\r\n				</tbody>\r\n			</table>\r\n			<!--[if (gte mso 9)|(IE)]>\r\n            </td>\r\n            </tr>\r\n            </table>\r\n            <![endif]--></td>\r\n		</tr>\r\n		<tr>\r\n			<td align=\"center\" bgcolor=\"#F5F7FA\" class=\"section-padding\" style=\"padding: 70px 15px 70px 15px;\"><!--[if (gte mso 9)|(IE)]>\r\n            <table align=\"center\" border=\"0\" cellspacing=\"0\" cellpadding=\"0\" width=\"500\">\r\n            <tr>\r\n            <td align=\"center\" valign=\"top\" width=\"500\">\r\n            <![endif]-->\r\n			<table border=\"0\" cellpadding=\"0\" cellspacing=\"0\" class=\"responsive-table\" style=\"max-width: 500px;\" width=\"100%\">\r\n				<tbody>\r\n					<tr>\r\n						<td><!-- TITLE SECTION AND COPY -->\r\n						<table border=\"0\" cellpadding=\"0\" cellspacing=\"0\" width=\"100%\">\r\n							<tbody>\r\n								<tr>\r\n									<td align=\"center\" class=\"padding\" style=\"font-size: 25px; font-family: Helvetica, Arial, sans-serif; color: #333333;\">The Regal Way</td>\r\n								</tr>\r\n								<tr>\r\n									<td align=\"center\" class=\"padding\" style=\"padding: 20px 0 20px 0; font-size: 16px; line-height: 25px; font-family: Helvetica, Arial, sans-serif; color: #666666;\">Lorem ipsum dolor sit amet, consectetur adipiscing elit.Lorem ipsum dolor sit amet, consectetur adipiscing elit. Sed varius, leo a ullamcorper feugiat, ante purus sodales justo, a faucibus libero lacus a est. Aenean at mollis ipsum.</td>\r\n								</tr>\r\n							</tbody>\r\n						</table>\r\n						</td>\r\n					</tr>\r\n				</tbody>\r\n			</table>\r\n			<!--[if (gte mso 9)|(IE)]>\r\n            </td>\r\n            </tr>\r\n            </table>\r\n            <![endif]--></td>\r\n		</tr>\r\n		<tr>\r\n			<td align=\"center\" bgcolor=\"#fcd116\" style=\"padding: 20px 0px;\"><!--[if (gte mso 9)|(IE)]>\r\n            <table align=\"center\" border=\"0\" cellspacing=\"0\" cellpadding=\"0\" width=\"500\">\r\n            <tr>\r\n            <td align=\"center\" valign=\"top\" width=\"500\">\r\n            <![endif]--><!-- UNSUBSCRIBE COPY -->\r\n			<table align=\"center\" border=\"0\" cellpadding=\"0\" cellspacing=\"0\" class=\"responsive-table\" style=\"max-width: 500px;\" width=\"100%\">\r\n				<tbody>\r\n					<tr>\r\n						<td align=\"center\" style=\"font-size: 12px; line-height: 18px; font-family: Helvetica, Arial, sans-serif; color:#666666;\">Copyright &copy; {year} {SITE_NAME}.<br />\r\n						<a href=\"http://techdemolink.co.in/regalinvestments\" style=\"color: #666666; text-decoration: none;\" target=\"_blank\">Visit Website</a></td>\r\n					</tr>\r\n				</tbody>\r\n			</table>\r\n			<!--[if (gte mso 9)|(IE)]>\r\n            </td>\r\n            </tr>\r\n            </table>\r\n            <![endif]--></td>\r\n		</tr>\r\n	</tbody>\r\n</table>',	'2018-01-14 10:22:06'),
('reset_password',	'Reset Password Email',	'Reset Password',	'<style type=\"text/css\">/* CLIENT-SPECIFIC STYLES */\r\n    body, table, td, a{-webkit-text-size-adjust: 100%; -ms-text-size-adjust: 100%;} /* Prevent WebKit and Windows mobile changing default text sizes */\r\n    table, td{mso-table-lspace: 0pt; mso-table-rspace: 0pt;} /* Remove spacing between tables in Outlook 2007 and up */\r\n    img{-ms-interpolation-mode: bicubic;} /* Allow smoother rendering of resized image in Internet Explorer */\r\n\r\n    /* RESET STYLES */\r\n    img{border: 0; height: auto; line-height: 100%; outline: none; text-decoration: none;}\r\n    table{border-collapse: collapse !important;}\r\n    body{height: 100% !important; margin: 0 !important; padding: 0 !important; width: 100% !important;}\r\n\r\n    /* iOS BLUE LINKS */\r\n    a[x-apple-data-detectors] {\r\n        color: inherit !important;\r\n        text-decoration: none !important;\r\n        font-size: inherit !important;\r\n        font-family: inherit !important;\r\n        font-weight: inherit !important;\r\n        line-height: inherit !important;\r\n    }\r\n\r\n    /* MOBILE STYLES */\r\n    @media screen and (max-width: 525px) {\r\n\r\n        /* ALLOWS FOR FLUID TABLES */\r\n        .wrapper {\r\n          width: 100% !important;\r\n        	max-width: 100% !important;\r\n        }\r\n\r\n        /* ADJUSTS LAYOUT OF LOGO IMAGE */\r\n        .logo img {\r\n          margin: 0 auto !important;\r\n        }\r\n\r\n        /* USE THESE CLASSES TO HIDE CONTENT ON MOBILE */\r\n        .mobile-hide {\r\n          display: none !important;\r\n        }\r\n\r\n        .img-max {\r\n          max-width: 100% !important;\r\n          width: 100% !important;\r\n          height: auto !important;\r\n        }\r\n\r\n        /* FULL-WIDTH TABLES */\r\n        .responsive-table {\r\n          width: 100% !important;\r\n        }\r\n\r\n        /* UTILITY CLASSES FOR ADJUSTING PADDING ON MOBILE */\r\n        .padding {\r\n          padding: 10px 5% 15px 5% !important;\r\n        }\r\n\r\n        .padding-meta {\r\n          padding: 30px 5% 0px 5% !important;\r\n          text-align: center;\r\n        }\r\n\r\n        .no-padding {\r\n          padding: 0 !important;\r\n        }\r\n\r\n        .section-padding {\r\n          padding: 50px 15px 50px 15px !important;\r\n        }\r\n\r\n        /* ADJUST BUTTONS ON MOBILE */\r\n        .mobile-button-container {\r\n            margin: 0 auto;\r\n            width: 100% !important;\r\n        }\r\n\r\n        .mobile-button {\r\n            padding: 15px !important;\r\n            border: 0 !important;\r\n            font-size: 16px !important;\r\n            display: block !important;\r\n        }\r\n\r\n    }\r\n\r\n    /* ANDROID CENTER FIX */\r\n    div[style*=\"margin: 16px 0;\"] { margin: 0 !important; }\r\n</style>\r\n<table border=\"0\" cellpadding=\"0\" cellspacing=\"0\" width=\"100%\">\r\n	<tbody>\r\n		<tr>\r\n			<td align=\"center\" bgcolor=\"#333333\"><!--[if (gte mso 9)|(IE)]>\r\n            <table align=\"center\" border=\"0\" cellspacing=\"0\" cellpadding=\"0\" width=\"500\">\r\n            <tr>\r\n            <td align=\"center\" valign=\"top\" width=\"500\">\r\n            <![endif]-->\r\n			<table border=\"0\" cellpadding=\"0\" cellspacing=\"0\" class=\"wrapper\" style=\"max-width: 500px;\" width=\"100%\">\r\n				<tbody>\r\n					<tr>\r\n						<td align=\"center\" class=\"logo\" style=\"padding: 15px 0;\" valign=\"top\"><a href=\"http://techdemolink.co.in/regalinvestments\" target=\"_blank\"><img alt=\"Logo\" border=\"0\" src=\"http://techdemolink.co.in/regalinvestments/public/img/logo.png\" style=\"display: block; font-family: Helvetica, Arial, sans-serif; color: #ffffff; font-size: 16px;\" /> </a></td>\r\n					</tr>\r\n				</tbody>\r\n			</table>\r\n			<!--[if (gte mso 9)|(IE)]>\r\n            </td>\r\n            </tr>\r\n            </table>\r\n            <![endif]--></td>\r\n		</tr>\r\n		<tr>\r\n			<td align=\"center\" bgcolor=\"#ffffff\" class=\"section-padding\" style=\"padding: 70px 15px 70px 15px;\"><!--[if (gte mso 9)|(IE)]>\r\n            <table align=\"center\" border=\"0\" cellspacing=\"0\" cellpadding=\"0\" width=\"500\">\r\n            <tr>\r\n            <td align=\"center\" valign=\"top\" width=\"500\">\r\n            <![endif]-->\r\n			<table border=\"0\" cellpadding=\"0\" cellspacing=\"0\" class=\"responsive-table\" style=\"max-width: 500px;\" width=\"100%\">\r\n				<tbody>\r\n					<tr>\r\n						<td><!-- HERO IMAGE -->\r\n						<table border=\"0\" cellpadding=\"0\" cellspacing=\"0\" width=\"100%\">\r\n							<tbody>\r\n								<tr>\r\n									<td align=\"center\" class=\"padding\">\r\n									<div style=\"background:url(https://image.ibb.co/jRTR96/HEADER_4.png);height:233px;background-size:contain;width:100%;background-repeat:no-repeat;display:table;\">\r\n									<div style=\"font-family: Helvetica, arial, sans-serif; font-size: 26px;display:table-cell;vertical-align:middle;text-align:center;color:white;text-transform:uppercase;\">Reset Password</div>\r\n									</div>\r\n									</td>\r\n								</tr>\r\n								<tr>\r\n									<td><!-- COPY -->\r\n									<table border=\"0\" cellpadding=\"0\" cellspacing=\"0\" width=\"100%\">\r\n										<tbody>\r\n											<tr>\r\n												<td align=\"center\" class=\"padding\" style=\"font-size: 25px; font-family: Helvetica, Arial, sans-serif; color: #333333; padding-top: 30px;\">Dear {member_name}</td>\r\n											</tr>\r\n											<tr>\r\n												<td align=\"center\" class=\"padding\" style=\"padding: 20px 0 0 0; font-size: 16px; line-height: 25px; font-family: Helvetica, Arial, sans-serif; color: #666666;\">Click the link below to reset your password.</td>\r\n											</tr>\r\n										</tbody>\r\n									</table>\r\n									</td>\r\n								</tr>\r\n								<tr>\r\n									<td align=\"center\">\r\n									<table border=\"0\" cellpadding=\"0\" cellspacing=\"0\" width=\"100%\">\r\n										<tbody>\r\n											<tr>\r\n												<td align=\"center\" class=\"padding\" style=\"padding-top: 25px;\">\r\n												<table border=\"0\" cellpadding=\"0\" cellspacing=\"0\" class=\"mobile-button-container\">\r\n													<tbody>\r\n														<tr>\r\n															<td align=\"center\" bgcolor=\"#fcd116\" style=\"border-radius: 3px;\"><a class=\"mobile-button\" href=\"{reset_link}\" style=\"font-size: 16px; font-family: Helvetica, Arial, sans-serif; color: #ffffff;text-decoration: none; border-radius: 3px; padding: 15px 25px; border: 1px solid #fcd116; display: inline-block;\" target=\"_blank\">Click Here To Reset &rarr;</a></td>\r\n														</tr>\r\n													</tbody>\r\n												</table>\r\n												</td>\r\n											</tr>\r\n										</tbody>\r\n									</table>\r\n									</td>\r\n								</tr>\r\n							</tbody>\r\n						</table>\r\n						</td>\r\n					</tr>\r\n				</tbody>\r\n			</table>\r\n			<!--[if (gte mso 9)|(IE)]>\r\n            </td>\r\n            </tr>\r\n            </table>\r\n            <![endif]--></td>\r\n		</tr>\r\n		<tr>\r\n			<td align=\"center\" bgcolor=\"#F5F7FA\" class=\"section-padding\" style=\"padding: 70px 15px 70px 15px;\"><!--[if (gte mso 9)|(IE)]>\r\n            <table align=\"center\" border=\"0\" cellspacing=\"0\" cellpadding=\"0\" width=\"500\">\r\n            <tr>\r\n            <td align=\"center\" valign=\"top\" width=\"500\">\r\n            <![endif]-->\r\n			<table border=\"0\" cellpadding=\"0\" cellspacing=\"0\" class=\"responsive-table\" style=\"max-width: 500px;\" width=\"100%\">\r\n				<tbody>\r\n					<tr>\r\n						<td><!-- TITLE SECTION AND COPY -->\r\n						<table border=\"0\" cellpadding=\"0\" cellspacing=\"0\" width=\"100%\">\r\n							<tbody>\r\n								<tr>\r\n									<td align=\"center\" class=\"padding\" style=\"font-size: 25px; font-family: Helvetica, Arial, sans-serif; color: #333333;\">The Regal Way</td>\r\n								</tr>\r\n								<tr>\r\n									<td align=\"center\" class=\"padding\" style=\"padding: 20px 0 20px 0; font-size: 16px; line-height: 25px; font-family: Helvetica, Arial, sans-serif; color: #666666;\">Lorem ipsum dolor sit amet, consectetur adipiscing elit.Lorem ipsum dolor sit amet, consectetur adipiscing elit. Sed varius, leo a ullamcorper feugiat, ante purus sodales justo, a faucibus libero lacus a est. Aenean at mollis ipsum.</td>\r\n								</tr>\r\n							</tbody>\r\n						</table>\r\n						</td>\r\n					</tr>\r\n				</tbody>\r\n			</table>\r\n			<!--[if (gte mso 9)|(IE)]>\r\n            </td>\r\n            </tr>\r\n            </table>\r\n            <![endif]--></td>\r\n		</tr>\r\n		<tr>\r\n			<td align=\"center\" bgcolor=\"#fcd116\" style=\"padding: 20px 0px;\"><!--[if (gte mso 9)|(IE)]>\r\n            <table align=\"center\" border=\"0\" cellspacing=\"0\" cellpadding=\"0\" width=\"500\">\r\n            <tr>\r\n            <td align=\"center\" valign=\"top\" width=\"500\">\r\n            <![endif]--><!-- UNSUBSCRIBE COPY -->\r\n			<table align=\"center\" border=\"0\" cellpadding=\"0\" cellspacing=\"0\" class=\"responsive-table\" style=\"max-width: 500px;\" width=\"100%\">\r\n				<tbody>\r\n					<tr>\r\n						<td align=\"center\" style=\"font-size: 12px; line-height: 18px; font-family: Helvetica, Arial, sans-serif; color:#666666;\">Copyright &copy; {year} {SITE_NAME}.<br />\r\n						<a href=\"http://techdemolink.co.in/regalinvestments\" style=\"color: #666666; text-decoration: none;\" target=\"_blank\">Visit Website</a></td>\r\n					</tr>\r\n				</tbody>\r\n			</table>\r\n			<!--[if (gte mso 9)|(IE)]>\r\n            </td>\r\n            </tr>\r\n            </table>\r\n            <![endif]--></td>\r\n		</tr>\r\n	</tbody>\r\n</table>\r\n',	'2018-01-14 10:21:46'),
('user_balance_updated',	'Balance Updated',	'Trade Notification ',	'<style type=\"text/css\">/* CLIENT-SPECIFIC STYLES */\r\n    body, table, td, a{-webkit-text-size-adjust: 100%; -ms-text-size-adjust: 100%;} /* Prevent WebKit and Windows mobile changing default text sizes */\r\n    table, td{mso-table-lspace: 0pt; mso-table-rspace: 0pt;} /* Remove spacing between tables in Outlook 2007 and up */\r\n    img{-ms-interpolation-mode: bicubic;} /* Allow smoother rendering of resized image in Internet Explorer */\r\n\r\n    /* RESET STYLES */\r\n    img{border: 0; height: auto; line-height: 100%; outline: none; text-decoration: none;}\r\n    table{border-collapse: collapse !important;}\r\n    body{height: 100% !important; margin: 0 !important; padding: 0 !important; width: 100% !important;}\r\n\r\n    /* iOS BLUE LINKS */\r\n    a[x-apple-data-detectors] {\r\n        color: inherit !important;\r\n        text-decoration: none !important;\r\n        font-size: inherit !important;\r\n        font-family: inherit !important;\r\n        font-weight: inherit !important;\r\n        line-height: inherit !important;\r\n    }\r\n\r\n    /* MOBILE STYLES */\r\n    @media screen and (max-width: 525px) {\r\n\r\n        /* ALLOWS FOR FLUID TABLES */\r\n        .wrapper {\r\n          width: 100% !important;\r\n        	max-width: 100% !important;\r\n        }\r\n\r\n        /* ADJUSTS LAYOUT OF LOGO IMAGE */\r\n        .logo img {\r\n          margin: 0 auto !important;\r\n        }\r\n\r\n        /* USE THESE CLASSES TO HIDE CONTENT ON MOBILE */\r\n        .mobile-hide {\r\n          display: none !important;\r\n        }\r\n\r\n        .img-max {\r\n          max-width: 100% !important;\r\n          width: 100% !important;\r\n          height: auto !important;\r\n        }\r\n\r\n        /* FULL-WIDTH TABLES */\r\n        .responsive-table {\r\n          width: 100% !important;\r\n        }\r\n\r\n        /* UTILITY CLASSES FOR ADJUSTING PADDING ON MOBILE */\r\n        .padding {\r\n          padding: 10px 5% 15px 5% !important;\r\n        }\r\n\r\n        .padding-meta {\r\n          padding: 30px 5% 0px 5% !important;\r\n          text-align: center;\r\n        }\r\n\r\n        .no-padding {\r\n          padding: 0 !important;\r\n        }\r\n\r\n        .section-padding {\r\n          padding: 50px 15px 50px 15px !important;\r\n        }\r\n\r\n        /* ADJUST BUTTONS ON MOBILE */\r\n        .mobile-button-container {\r\n            margin: 0 auto;\r\n            width: 100% !important;\r\n        }\r\n\r\n        .mobile-button {\r\n            padding: 15px !important;\r\n            border: 0 !important;\r\n            font-size: 16px !important;\r\n            display: block !important;\r\n        }\r\n\r\n    }\r\n\r\n    /* ANDROID CENTER FIX */\r\n    div[style*=\"margin: 16px 0;\"] { margin: 0 !important; }\r\n</style>\r\n<table border=\"0\" cellpadding=\"0\" cellspacing=\"0\" width=\"100%\">\r\n	<tbody>\r\n		<tr>\r\n			<td align=\"center\" bgcolor=\"#333333\"><!--[if (gte mso 9)|(IE)]>\r\n            <table align=\"center\" border=\"0\" cellspacing=\"0\" cellpadding=\"0\" width=\"500\">\r\n            <tr>\r\n            <td align=\"center\" valign=\"top\" width=\"500\">\r\n            <![endif]-->\r\n			<table border=\"0\" cellpadding=\"0\" cellspacing=\"0\" class=\"wrapper\" style=\"max-width: 500px;\" width=\"100%\">\r\n				<tbody>\r\n					<tr>\r\n						<td align=\"center\" class=\"logo\" style=\"padding: 15px 0;\" valign=\"top\"><a href=\"http://techdemolink.co.in/regalinvestments\" target=\"_blank\"><img alt=\"Logo\" border=\"0\" src=\"http://techdemolink.co.in/regalinvestments/public/img/logo.png\" style=\"display: block; font-family: Helvetica, Arial, sans-serif; color: #ffffff; font-size: 16px;\" /> </a></td>\r\n					</tr>\r\n				</tbody>\r\n			</table>\r\n			<!--[if (gte mso 9)|(IE)]>\r\n            </td>\r\n            </tr>\r\n            </table>\r\n            <![endif]--></td>\r\n		</tr>\r\n		<tr>\r\n			<td align=\"center\" bgcolor=\"#ffffff\" class=\"section-padding\" style=\"padding: 70px 15px 70px 15px;\"><!--[if (gte mso 9)|(IE)]>\r\n            <table align=\"center\" border=\"0\" cellspacing=\"0\" cellpadding=\"0\" width=\"500\">\r\n            <tr>\r\n            <td align=\"center\" valign=\"top\" width=\"500\">\r\n            <![endif]-->\r\n			<table border=\"0\" cellpadding=\"0\" cellspacing=\"0\" class=\"responsive-table\" style=\"max-width: 500px;\" width=\"100%\">\r\n				<tbody>\r\n					<tr>\r\n						<td><!-- HERO IMAGE -->\r\n						<table border=\"0\" cellpadding=\"0\" cellspacing=\"0\" width=\"100%\">\r\n							<tbody>\r\n								<tr>\r\n									<td align=\"center\" class=\"padding\">\r\n									<div style=\"background:url(https://image.ibb.co/jRTR96/HEADER_4.png);height:233px;background-size:contain;width:100%;background-repeat:no-repeat;display:table;\">\r\n									<div style=\"font-family: Helvetica, arial, sans-serif; font-size: 26px;display:table-cell;vertical-align:middle;text-align:center;color:white;text-transform:uppercase;\">Trade Notification</div>\r\n									</div>\r\n									</td>\r\n								</tr>\r\n								<tr>\r\n									<td><!-- COPY -->\r\n									<table border=\"0\" cellpadding=\"0\" cellspacing=\"0\" width=\"100%\">\r\n										<tbody>\r\n											<tr>\r\n												<td align=\"center\" class=\"padding\" style=\"font-size: 25px; font-family: Helvetica, Arial, sans-serif; color: #333333; padding-top: 30px;\">Dear {user_name}</td>\r\n											</tr>\r\n											<tr>\r\n												<td align=\"center\" class=\"padding\" style=\"padding: 20px 0 0 0; font-size: 16px; line-height: 25px; font-family: Helvetica, Arial, sans-serif; color: #666666;\">Regal Investments traded your funds. Your balance has been updated.</td>\r\n											</tr>\r\n										</tbody>\r\n									</table>\r\n									</td>\r\n								</tr>\r\n							</tbody>\r\n						</table>\r\n						</td>\r\n					</tr>\r\n				</tbody>\r\n			</table>\r\n			<!--[if (gte mso 9)|(IE)]>\r\n            </td>\r\n            </tr>\r\n            </table>\r\n            <![endif]--></td>\r\n		</tr>\r\n		<tr>\r\n			<td align=\"center\" bgcolor=\"#F5F7FA\" class=\"section-padding\" style=\"padding: 70px 15px 70px 15px;\"><!--[if (gte mso 9)|(IE)]>\r\n            <table align=\"center\" border=\"0\" cellspacing=\"0\" cellpadding=\"0\" width=\"500\">\r\n            <tr>\r\n            <td align=\"center\" valign=\"top\" width=\"500\">\r\n            <![endif]-->\r\n			<table border=\"0\" cellpadding=\"0\" cellspacing=\"0\" class=\"responsive-table\" style=\"max-width: 500px;\" width=\"100%\">\r\n				<tbody>\r\n					<tr>\r\n						<td><!-- TITLE SECTION AND COPY -->\r\n						<table border=\"0\" cellpadding=\"0\" cellspacing=\"0\" width=\"100%\">\r\n							<tbody>\r\n								<tr>\r\n									<td align=\"center\" class=\"padding\" style=\"font-size: 25px; font-family: Helvetica, Arial, sans-serif; color: #333333;\">The Regal Way</td>\r\n								</tr>\r\n								<tr>\r\n									<td align=\"center\" class=\"padding\" style=\"padding: 20px 0 20px 0; font-size: 16px; line-height: 25px; font-family: Helvetica, Arial, sans-serif; color: #666666;\">Lorem ipsum dolor sit amet, consectetur adipiscing elit.Lorem ipsum dolor sit amet, consectetur adipiscing elit. Sed varius, leo a ullamcorper feugiat, ante purus sodales justo, a faucibus libero lacus a est. Aenean at mollis ipsum.</td>\r\n								</tr>\r\n							</tbody>\r\n						</table>\r\n						</td>\r\n					</tr>\r\n				</tbody>\r\n			</table>\r\n			<!--[if (gte mso 9)|(IE)]>\r\n            </td>\r\n            </tr>\r\n            </table>\r\n            <![endif]--></td>\r\n		</tr>\r\n		<tr>\r\n			<td align=\"center\" bgcolor=\"#fcd116\" style=\"padding: 20px 0px;\"><!--[if (gte mso 9)|(IE)]>\r\n            <table align=\"center\" border=\"0\" cellspacing=\"0\" cellpadding=\"0\" width=\"500\">\r\n            <tr>\r\n            <td align=\"center\" valign=\"top\" width=\"500\">\r\n            <![endif]--><!-- UNSUBSCRIBE COPY -->\r\n			<table align=\"center\" border=\"0\" cellpadding=\"0\" cellspacing=\"0\" class=\"responsive-table\" style=\"max-width: 500px;\" width=\"100%\">\r\n				<tbody>\r\n					<tr>\r\n						<td align=\"center\" style=\"font-size: 12px; line-height: 18px; font-family: Helvetica, Arial, sans-serif; color:#666666;\">Copyright &copy; {year} {SITE_NAME}.<br />\r\n						<a href=\"http://techdemolink.co.in/regalinvestments\" style=\"color: #666666; text-decoration: none;\" target=\"_blank\">Visit Website</a></td>\r\n					</tr>\r\n				</tbody>\r\n			</table>\r\n			<!--[if (gte mso 9)|(IE)]>\r\n            </td>\r\n            </tr>\r\n            </table>\r\n            <![endif]--></td>\r\n		</tr>\r\n	</tbody>\r\n</table>\r\n',	'2018-01-14 10:22:15'),
('user_plan_approve',	'Plan Confirm.',	'Plan Request Approved',	'<style type=\"text/css\">/* CLIENT-SPECIFIC STYLES */\r\n    body, table, td, a{-webkit-text-size-adjust: 100%; -ms-text-size-adjust: 100%;} /* Prevent WebKit and Windows mobile changing default text sizes */\r\n    table, td{mso-table-lspace: 0pt; mso-table-rspace: 0pt;} /* Remove spacing between tables in Outlook 2007 and up */\r\n    img{-ms-interpolation-mode: bicubic;} /* Allow smoother rendering of resized image in Internet Explorer */\r\n\r\n    /* RESET STYLES */\r\n    img{border: 0; height: auto; line-height: 100%; outline: none; text-decoration: none;}\r\n    table{border-collapse: collapse !important;}\r\n    body{height: 100% !important; margin: 0 !important; padding: 0 !important; width: 100% !important;}\r\n\r\n    /* iOS BLUE LINKS */\r\n    a[x-apple-data-detectors] {\r\n        color: inherit !important;\r\n        text-decoration: none !important;\r\n        font-size: inherit !important;\r\n        font-family: inherit !important;\r\n        font-weight: inherit !important;\r\n        line-height: inherit !important;\r\n    }\r\n\r\n    /* MOBILE STYLES */\r\n    @media screen and (max-width: 525px) {\r\n\r\n        /* ALLOWS FOR FLUID TABLES */\r\n        .wrapper {\r\n          width: 100% !important;\r\n        	max-width: 100% !important;\r\n        }\r\n\r\n        /* ADJUSTS LAYOUT OF LOGO IMAGE */\r\n        .logo img {\r\n          margin: 0 auto !important;\r\n        }\r\n\r\n        /* USE THESE CLASSES TO HIDE CONTENT ON MOBILE */\r\n        .mobile-hide {\r\n          display: none !important;\r\n        }\r\n\r\n        .img-max {\r\n          max-width: 100% !important;\r\n          width: 100% !important;\r\n          height: auto !important;\r\n        }\r\n\r\n        /* FULL-WIDTH TABLES */\r\n        .responsive-table {\r\n          width: 100% !important;\r\n        }\r\n\r\n        /* UTILITY CLASSES FOR ADJUSTING PADDING ON MOBILE */\r\n        .padding {\r\n          padding: 10px 5% 15px 5% !important;\r\n        }\r\n\r\n        .padding-meta {\r\n          padding: 30px 5% 0px 5% !important;\r\n          text-align: center;\r\n        }\r\n\r\n        .no-padding {\r\n          padding: 0 !important;\r\n        }\r\n\r\n        .section-padding {\r\n          padding: 50px 15px 50px 15px !important;\r\n        }\r\n\r\n        /* ADJUST BUTTONS ON MOBILE */\r\n        .mobile-button-container {\r\n            margin: 0 auto;\r\n            width: 100% !important;\r\n        }\r\n\r\n        .mobile-button {\r\n            padding: 15px !important;\r\n            border: 0 !important;\r\n            font-size: 16px !important;\r\n            display: block !important;\r\n        }\r\n\r\n    }\r\n\r\n    /* ANDROID CENTER FIX */\r\n    div[style*=\"margin: 16px 0;\"] { margin: 0 !important; }\r\n</style>\r\n<table border=\"0\" cellpadding=\"0\" cellspacing=\"0\" width=\"100%\">\r\n	<tbody>\r\n		<tr>\r\n			<td align=\"center\" bgcolor=\"#333333\"><!--[if (gte mso 9)|(IE)]>\r\n            <table align=\"center\" border=\"0\" cellspacing=\"0\" cellpadding=\"0\" width=\"500\">\r\n            <tr>\r\n            <td align=\"center\" valign=\"top\" width=\"500\">\r\n            <![endif]-->\r\n			<table border=\"0\" cellpadding=\"0\" cellspacing=\"0\" class=\"wrapper\" style=\"max-width: 500px;\" width=\"100%\">\r\n				<tbody>\r\n					<tr>\r\n						<td align=\"center\" class=\"logo\" style=\"padding: 15px 0;\" valign=\"top\"><a href=\"http://techdemolink.co.in/regalinvestments\" target=\"_blank\"><img alt=\"Logo\" border=\"0\" src=\"http://techdemolink.co.in/regalinvestments/public/img/logo.png\" style=\"display: block; font-family: Helvetica, Arial, sans-serif; color: #ffffff; font-size: 16px;\" /> </a></td>\r\n					</tr>\r\n				</tbody>\r\n			</table>\r\n			<!--[if (gte mso 9)|(IE)]>\r\n            </td>\r\n            </tr>\r\n            </table>\r\n            <![endif]--></td>\r\n		</tr>\r\n		<tr>\r\n			<td align=\"center\" bgcolor=\"#ffffff\" class=\"section-padding\" style=\"padding: 70px 15px 70px 15px;\"><!--[if (gte mso 9)|(IE)]>\r\n            <table align=\"center\" border=\"0\" cellspacing=\"0\" cellpadding=\"0\" width=\"500\">\r\n            <tr>\r\n            <td align=\"center\" valign=\"top\" width=\"500\">\r\n            <![endif]-->\r\n			<table border=\"0\" cellpadding=\"0\" cellspacing=\"0\" class=\"responsive-table\" style=\"max-width: 500px;\" width=\"100%\">\r\n				<tbody>\r\n					<tr>\r\n						<td><!-- HERO IMAGE -->\r\n						<table border=\"0\" cellpadding=\"0\" cellspacing=\"0\" width=\"100%\">\r\n							<tbody>\r\n								<tr>\r\n									<td align=\"center\" class=\"padding\">\r\n									<div style=\"background:url(https://image.ibb.co/jRTR96/HEADER_4.png);height:233px;background-size:contain;width:100%;background-repeat:no-repeat;display:table;\">\r\n									<div style=\"font-family: Helvetica, arial, sans-serif; font-size: 26px;display:table-cell;vertical-align:middle;text-align:center;color:white;text-transform:uppercase;\">Plan Approved</div>\r\n									</div>\r\n									</td>\r\n								</tr>\r\n								<tr>\r\n									<td><!-- COPY -->\r\n									<table border=\"0\" cellpadding=\"0\" cellspacing=\"0\" width=\"100%\">\r\n										<tbody>\r\n											<tr>\r\n												<td align=\"center\" class=\"padding\" style=\"font-size: 25px; font-family: Helvetica, Arial, sans-serif; color: #333333; padding-top: 30px;\">Dear {user_name}</td>\r\n											</tr>\r\n											<tr>\r\n												<td align=\"center\" class=\"padding\" style=\"padding: 20px 0 0 0; font-size: 16px; line-height: 25px; font-family: Helvetica, Arial, sans-serif; color: #666666;\">Your prosperity plan request has been approved. You are now subscribed to&nbsp;{plan_name}</td>\r\n											</tr>\r\n										</tbody>\r\n									</table>\r\n									</td>\r\n								</tr>\r\n							</tbody>\r\n						</table>\r\n						</td>\r\n					</tr>\r\n				</tbody>\r\n			</table>\r\n			<!--[if (gte mso 9)|(IE)]>\r\n            </td>\r\n            </tr>\r\n            </table>\r\n            <![endif]--></td>\r\n		</tr>\r\n		<tr>\r\n			<td align=\"center\" bgcolor=\"#F5F7FA\" class=\"section-padding\" style=\"padding: 70px 15px 70px 15px;\"><!--[if (gte mso 9)|(IE)]>\r\n            <table align=\"center\" border=\"0\" cellspacing=\"0\" cellpadding=\"0\" width=\"500\">\r\n            <tr>\r\n            <td align=\"center\" valign=\"top\" width=\"500\">\r\n            <![endif]-->\r\n			<table border=\"0\" cellpadding=\"0\" cellspacing=\"0\" class=\"responsive-table\" style=\"max-width: 500px;\" width=\"100%\">\r\n				<tbody>\r\n					<tr>\r\n						<td><!-- TITLE SECTION AND COPY -->\r\n						<table border=\"0\" cellpadding=\"0\" cellspacing=\"0\" width=\"100%\">\r\n							<tbody>\r\n								<tr>\r\n									<td align=\"center\" class=\"padding\" style=\"font-size: 25px; font-family: Helvetica, Arial, sans-serif; color: #333333;\">The Regal Way</td>\r\n								</tr>\r\n								<tr>\r\n									<td align=\"center\" class=\"padding\" style=\"padding: 20px 0 20px 0; font-size: 16px; line-height: 25px; font-family: Helvetica, Arial, sans-serif; color: #666666;\">Lorem ipsum dolor sit amet, consectetur adipiscing elit.Lorem ipsum dolor sit amet, consectetur adipiscing elit. Sed varius, leo a ullamcorper feugiat, ante purus sodales justo, a faucibus libero lacus a est. Aenean at mollis ipsum.</td>\r\n								</tr>\r\n							</tbody>\r\n						</table>\r\n						</td>\r\n					</tr>\r\n				</tbody>\r\n			</table>\r\n			<!--[if (gte mso 9)|(IE)]>\r\n            </td>\r\n            </tr>\r\n            </table>\r\n            <![endif]--></td>\r\n		</tr>\r\n		<tr>\r\n			<td align=\"center\" bgcolor=\"#fcd116\" style=\"padding: 20px 0px;\"><!--[if (gte mso 9)|(IE)]>\r\n            <table align=\"center\" border=\"0\" cellspacing=\"0\" cellpadding=\"0\" width=\"500\">\r\n            <tr>\r\n            <td align=\"center\" valign=\"top\" width=\"500\">\r\n            <![endif]--><!-- UNSUBSCRIBE COPY -->\r\n			<table align=\"center\" border=\"0\" cellpadding=\"0\" cellspacing=\"0\" class=\"responsive-table\" style=\"max-width: 500px;\" width=\"100%\">\r\n				<tbody>\r\n					<tr>\r\n						<td align=\"center\" style=\"font-size: 12px; line-height: 18px; font-family: Helvetica, Arial, sans-serif; color:#666666;\">Copyright &copy; {year} {SITE_NAME}.<br />\r\n						<a href=\"http://techdemolink.co.in/regalinvestments\" style=\"color: #666666; text-decoration: none;\" target=\"_blank\">Visit Website</a></td>\r\n					</tr>\r\n				</tbody>\r\n			</table>\r\n			<!--[if (gte mso 9)|(IE)]>\r\n            </td>\r\n            </tr>\r\n            </table>\r\n            <![endif]--></td>\r\n		</tr>\r\n	</tbody>\r\n</table>\r\n',	'2018-01-14 10:21:34'),
('user_plan_reject',	'Plan Request Rejected.',	'Plan Request Rejected',	'<style type=\"text/css\">/* CLIENT-SPECIFIC STYLES */\r\n    body, table, td, a{-webkit-text-size-adjust: 100%; -ms-text-size-adjust: 100%;} /* Prevent WebKit and Windows mobile changing default text sizes */\r\n    table, td{mso-table-lspace: 0pt; mso-table-rspace: 0pt;} /* Remove spacing between tables in Outlook 2007 and up */\r\n    img{-ms-interpolation-mode: bicubic;} /* Allow smoother rendering of resized image in Internet Explorer */\r\n\r\n    /* RESET STYLES */\r\n    img{border: 0; height: auto; line-height: 100%; outline: none; text-decoration: none;}\r\n    table{border-collapse: collapse !important;}\r\n    body{height: 100% !important; margin: 0 !important; padding: 0 !important; width: 100% !important;}\r\n\r\n    /* iOS BLUE LINKS */\r\n    a[x-apple-data-detectors] {\r\n        color: inherit !important;\r\n        text-decoration: none !important;\r\n        font-size: inherit !important;\r\n        font-family: inherit !important;\r\n        font-weight: inherit !important;\r\n        line-height: inherit !important;\r\n    }\r\n\r\n    /* MOBILE STYLES */\r\n    @media screen and (max-width: 525px) {\r\n\r\n        /* ALLOWS FOR FLUID TABLES */\r\n        .wrapper {\r\n          width: 100% !important;\r\n        	max-width: 100% !important;\r\n        }\r\n\r\n        /* ADJUSTS LAYOUT OF LOGO IMAGE */\r\n        .logo img {\r\n          margin: 0 auto !important;\r\n        }\r\n\r\n        /* USE THESE CLASSES TO HIDE CONTENT ON MOBILE */\r\n        .mobile-hide {\r\n          display: none !important;\r\n        }\r\n\r\n        .img-max {\r\n          max-width: 100% !important;\r\n          width: 100% !important;\r\n          height: auto !important;\r\n        }\r\n\r\n        /* FULL-WIDTH TABLES */\r\n        .responsive-table {\r\n          width: 100% !important;\r\n        }\r\n\r\n        /* UTILITY CLASSES FOR ADJUSTING PADDING ON MOBILE */\r\n        .padding {\r\n          padding: 10px 5% 15px 5% !important;\r\n        }\r\n\r\n        .padding-meta {\r\n          padding: 30px 5% 0px 5% !important;\r\n          text-align: center;\r\n        }\r\n\r\n        .no-padding {\r\n          padding: 0 !important;\r\n        }\r\n\r\n        .section-padding {\r\n          padding: 50px 15px 50px 15px !important;\r\n        }\r\n\r\n        /* ADJUST BUTTONS ON MOBILE */\r\n        .mobile-button-container {\r\n            margin: 0 auto;\r\n            width: 100% !important;\r\n        }\r\n\r\n        .mobile-button {\r\n            padding: 15px !important;\r\n            border: 0 !important;\r\n            font-size: 16px !important;\r\n            display: block !important;\r\n        }\r\n\r\n    }\r\n\r\n    /* ANDROID CENTER FIX */\r\n    div[style*=\"margin: 16px 0;\"] { margin: 0 !important; }\r\n</style>\r\n<table border=\"0\" cellpadding=\"0\" cellspacing=\"0\" width=\"100%\">\r\n	<tbody>\r\n		<tr>\r\n			<td align=\"center\" bgcolor=\"#333333\"><!--[if (gte mso 9)|(IE)]>\r\n            <table align=\"center\" border=\"0\" cellspacing=\"0\" cellpadding=\"0\" width=\"500\">\r\n            <tr>\r\n            <td align=\"center\" valign=\"top\" width=\"500\">\r\n            <![endif]-->\r\n			<table border=\"0\" cellpadding=\"0\" cellspacing=\"0\" class=\"wrapper\" style=\"max-width: 500px;\" width=\"100%\">\r\n				<tbody>\r\n					<tr>\r\n						<td align=\"center\" class=\"logo\" style=\"padding: 15px 0;\" valign=\"top\"><a href=\"http://techdemolink.co.in/regalinvestments\" target=\"_blank\"><img alt=\"Logo\" border=\"0\" src=\"http://techdemolink.co.in/regalinvestments/public/img/logo.png\" style=\"display: block; font-family: Helvetica, Arial, sans-serif; color: #ffffff; font-size: 16px;\" /> </a></td>\r\n					</tr>\r\n				</tbody>\r\n			</table>\r\n			<!--[if (gte mso 9)|(IE)]>\r\n            </td>\r\n            </tr>\r\n            </table>\r\n            <![endif]--></td>\r\n		</tr>\r\n		<tr>\r\n			<td align=\"center\" bgcolor=\"#ffffff\" class=\"section-padding\" style=\"padding: 70px 15px 70px 15px;\"><!--[if (gte mso 9)|(IE)]>\r\n            <table align=\"center\" border=\"0\" cellspacing=\"0\" cellpadding=\"0\" width=\"500\">\r\n            <tr>\r\n            <td align=\"center\" valign=\"top\" width=\"500\">\r\n            <![endif]-->\r\n			<table border=\"0\" cellpadding=\"0\" cellspacing=\"0\" class=\"responsive-table\" style=\"max-width: 500px;\" width=\"100%\">\r\n				<tbody>\r\n					<tr>\r\n						<td><!-- HERO IMAGE -->\r\n						<table border=\"0\" cellpadding=\"0\" cellspacing=\"0\" width=\"100%\">\r\n							<tbody>\r\n								<tr>\r\n									<td align=\"center\" class=\"padding\">\r\n									<div style=\"background:url(https://image.ibb.co/jRTR96/HEADER_4.png);height:233px;background-size:contain;width:100%;background-repeat:no-repeat;display:table;\">\r\n									<div style=\"font-family: Helvetica, arial, sans-serif; font-size: 26px;display:table-cell;vertical-align:middle;text-align:center;color:white;text-transform:uppercase;\">PROSPERITY Plan DENIED</div>\r\n									</div>\r\n									</td>\r\n								</tr>\r\n								<tr>\r\n									<td><!-- COPY -->\r\n									<table border=\"0\" cellpadding=\"0\" cellspacing=\"0\" width=\"100%\">\r\n										<tbody>\r\n											<tr>\r\n												<td align=\"center\" class=\"padding\" style=\"font-size: 25px; font-family: Helvetica, Arial, sans-serif; color: #333333; padding-top: 30px;\">Dear {user_name}</td>\r\n											</tr>\r\n											<tr>\r\n												<td align=\"center\" class=\"padding\" style=\"padding: 20px 0 0 0; font-size: 16px; line-height: 25px; font-family: Helvetica, Arial, sans-serif; color: #666666;\">Your request for our {plan_name} prosperity plan has been declined.</td>\r\n											</tr>\r\n										</tbody>\r\n									</table>\r\n									</td>\r\n								</tr>\r\n							</tbody>\r\n						</table>\r\n						</td>\r\n					</tr>\r\n				</tbody>\r\n			</table>\r\n			<!--[if (gte mso 9)|(IE)]>\r\n            </td>\r\n            </tr>\r\n            </table>\r\n            <![endif]--></td>\r\n		</tr>\r\n		<tr>\r\n			<td align=\"center\" bgcolor=\"#F5F7FA\" class=\"section-padding\" style=\"padding: 70px 15px 70px 15px;\"><!--[if (gte mso 9)|(IE)]>\r\n            <table align=\"center\" border=\"0\" cellspacing=\"0\" cellpadding=\"0\" width=\"500\">\r\n            <tr>\r\n            <td align=\"center\" valign=\"top\" width=\"500\">\r\n            <![endif]-->\r\n			<table border=\"0\" cellpadding=\"0\" cellspacing=\"0\" class=\"responsive-table\" style=\"max-width: 500px;\" width=\"100%\">\r\n				<tbody>\r\n					<tr>\r\n						<td><!-- TITLE SECTION AND COPY -->\r\n						<table border=\"0\" cellpadding=\"0\" cellspacing=\"0\" width=\"100%\">\r\n							<tbody>\r\n								<tr>\r\n									<td align=\"center\" class=\"padding\" style=\"font-size: 25px; font-family: Helvetica, Arial, sans-serif; color: #333333;\">The Regal Way</td>\r\n								</tr>\r\n								<tr>\r\n									<td align=\"center\" class=\"padding\" style=\"padding: 20px 0 20px 0; font-size: 16px; line-height: 25px; font-family: Helvetica, Arial, sans-serif; color: #666666;\">Lorem ipsum dolor sit amet, consectetur adipiscing elit.Lorem ipsum dolor sit amet, consectetur adipiscing elit. Sed varius, leo a ullamcorper feugiat, ante purus sodales justo, a faucibus libero lacus a est. Aenean at mollis ipsum.</td>\r\n								</tr>\r\n							</tbody>\r\n						</table>\r\n						</td>\r\n					</tr>\r\n				</tbody>\r\n			</table>\r\n			<!--[if (gte mso 9)|(IE)]>\r\n            </td>\r\n            </tr>\r\n            </table>\r\n            <![endif]--></td>\r\n		</tr>\r\n		<tr>\r\n			<td align=\"center\" bgcolor=\"#fcd116\" style=\"padding: 20px 0px;\"><!--[if (gte mso 9)|(IE)]>\r\n            <table align=\"center\" border=\"0\" cellspacing=\"0\" cellpadding=\"0\" width=\"500\">\r\n            <tr>\r\n            <td align=\"center\" valign=\"top\" width=\"500\">\r\n            <![endif]--><!-- UNSUBSCRIBE COPY -->\r\n			<table align=\"center\" border=\"0\" cellpadding=\"0\" cellspacing=\"0\" class=\"responsive-table\" style=\"max-width: 500px;\" width=\"100%\">\r\n				<tbody>\r\n					<tr>\r\n						<td align=\"center\" style=\"font-size: 12px; line-height: 18px; font-family: Helvetica, Arial, sans-serif; color:#666666;\">Copyright &copy; {year} {SITE_NAME}.<br />\r\n						<a href=\"http://techdemolink.co.in/regalinvestments\" style=\"color: #666666; text-decoration: none;\" target=\"_blank\">Visit Website</a></td>\r\n					</tr>\r\n				</tbody>\r\n			</table>\r\n			<!--[if (gte mso 9)|(IE)]>\r\n            </td>\r\n            </tr>\r\n            </table>\r\n            <![endif]--></td>\r\n		</tr>\r\n	</tbody>\r\n</table>',	'2018-01-14 10:20:13'),
('user_prosperity_updated',	'Prosperity Updated',	'Prosperity Updated',	'<style type=\"text/css\">/* CLIENT-SPECIFIC STYLES */\r\n    body, table, td, a{-webkit-text-size-adjust: 100%; -ms-text-size-adjust: 100%;} /* Prevent WebKit and Windows mobile changing default text sizes */\r\n    table, td{mso-table-lspace: 0pt; mso-table-rspace: 0pt;} /* Remove spacing between tables in Outlook 2007 and up */\r\n    img{-ms-interpolation-mode: bicubic;} /* Allow smoother rendering of resized image in Internet Explorer */\r\n\r\n    /* RESET STYLES */\r\n    img{border: 0; height: auto; line-height: 100%; outline: none; text-decoration: none;}\r\n    table{border-collapse: collapse !important;}\r\n    body{height: 100% !important; margin: 0 !important; padding: 0 !important; width: 100% !important;}\r\n\r\n    /* iOS BLUE LINKS */\r\n    a[x-apple-data-detectors] {\r\n        color: inherit !important;\r\n        text-decoration: none !important;\r\n        font-size: inherit !important;\r\n        font-family: inherit !important;\r\n        font-weight: inherit !important;\r\n        line-height: inherit !important;\r\n    }\r\n\r\n    /* MOBILE STYLES */\r\n    @media screen and (max-width: 525px) {\r\n\r\n        /* ALLOWS FOR FLUID TABLES */\r\n        .wrapper {\r\n          width: 100% !important;\r\n        	max-width: 100% !important;\r\n        }\r\n\r\n        /* ADJUSTS LAYOUT OF LOGO IMAGE */\r\n        .logo img {\r\n          margin: 0 auto !important;\r\n        }\r\n\r\n        /* USE THESE CLASSES TO HIDE CONTENT ON MOBILE */\r\n        .mobile-hide {\r\n          display: none !important;\r\n        }\r\n\r\n        .img-max {\r\n          max-width: 100% !important;\r\n          width: 100% !important;\r\n          height: auto !important;\r\n        }\r\n\r\n        /* FULL-WIDTH TABLES */\r\n        .responsive-table {\r\n          width: 100% !important;\r\n        }\r\n\r\n        /* UTILITY CLASSES FOR ADJUSTING PADDING ON MOBILE */\r\n        .padding {\r\n          padding: 10px 5% 15px 5% !important;\r\n        }\r\n\r\n        .padding-meta {\r\n          padding: 30px 5% 0px 5% !important;\r\n          text-align: center;\r\n        }\r\n\r\n        .no-padding {\r\n          padding: 0 !important;\r\n        }\r\n\r\n        .section-padding {\r\n          padding: 50px 15px 50px 15px !important;\r\n        }\r\n\r\n        /* ADJUST BUTTONS ON MOBILE */\r\n        .mobile-button-container {\r\n            margin: 0 auto;\r\n            width: 100% !important;\r\n        }\r\n\r\n        .mobile-button {\r\n            padding: 15px !important;\r\n            border: 0 !important;\r\n            font-size: 16px !important;\r\n            display: block !important;\r\n        }\r\n\r\n    }\r\n\r\n    /* ANDROID CENTER FIX */\r\n    div[style*=\"margin: 16px 0;\"] { margin: 0 !important; }\r\n</style>\r\n<table border=\"0\" cellpadding=\"0\" cellspacing=\"0\" width=\"100%\">\r\n	<tbody>\r\n		<tr>\r\n			<td align=\"center\" bgcolor=\"#333333\"><!--[if (gte mso 9)|(IE)]>\r\n            <table align=\"center\" border=\"0\" cellspacing=\"0\" cellpadding=\"0\" width=\"500\">\r\n            <tr>\r\n            <td align=\"center\" valign=\"top\" width=\"500\">\r\n            <![endif]-->\r\n			<table border=\"0\" cellpadding=\"0\" cellspacing=\"0\" class=\"wrapper\" style=\"max-width: 500px;\" width=\"100%\">\r\n				<tbody>\r\n					<tr>\r\n						<td align=\"center\" class=\"logo\" style=\"padding: 15px 0;\" valign=\"top\"><a href=\"http://techdemolink.co.in/regalinvestments\" target=\"_blank\"><img alt=\"Logo\" border=\"0\" src=\"http://techdemolink.co.in/regalinvestments/public/img/logo.png\" style=\"display: block; font-family: Helvetica, Arial, sans-serif; color: #ffffff; font-size: 16px;\" /> </a></td>\r\n					</tr>\r\n				</tbody>\r\n			</table>\r\n			<!--[if (gte mso 9)|(IE)]>\r\n            </td>\r\n            </tr>\r\n            </table>\r\n            <![endif]--></td>\r\n		</tr>\r\n		<tr>\r\n			<td align=\"center\" bgcolor=\"#ffffff\" class=\"section-padding\" style=\"padding: 70px 15px 70px 15px;\"><!--[if (gte mso 9)|(IE)]>\r\n            <table align=\"center\" border=\"0\" cellspacing=\"0\" cellpadding=\"0\" width=\"500\">\r\n            <tr>\r\n            <td align=\"center\" valign=\"top\" width=\"500\">\r\n            <![endif]-->\r\n			<table border=\"0\" cellpadding=\"0\" cellspacing=\"0\" class=\"responsive-table\" style=\"max-width: 500px;\" width=\"100%\">\r\n				<tbody>\r\n					<tr>\r\n						<td><!-- HERO IMAGE -->\r\n						<table border=\"0\" cellpadding=\"0\" cellspacing=\"0\" width=\"100%\">\r\n							<tbody>\r\n								<tr>\r\n									<td align=\"center\" class=\"padding\">\r\n									<div style=\"background:url(https://image.ibb.co/jRTR96/HEADER_4.png);height:233px;background-size:contain;width:100%;background-repeat:no-repeat;display:table;\">\r\n									<div style=\"font-family: Helvetica, arial, sans-serif; font-size: 26px;display:table-cell;vertical-align:middle;text-align:center;color:white;text-transform:uppercase;\"><strong>Prosperity INCREASE</strong></div>\r\n									</div>\r\n									</td>\r\n								</tr>\r\n								<tr>\r\n									<td><!-- COPY -->\r\n									<table border=\"0\" cellpadding=\"0\" cellspacing=\"0\" width=\"100%\">\r\n										<tbody>\r\n											<tr>\r\n												<td align=\"center\" class=\"padding\" style=\"font-size: 25px; font-family: Helvetica, Arial, sans-serif; color: #333333; padding-top: 30px;\">Dear {user_name}</td>\r\n											</tr>\r\n											<tr>\r\n												<td align=\"center\" class=\"padding\" style=\"padding: 20px 0 0 0; font-size: 16px; line-height: 25px; font-family: Helvetica, Arial, sans-serif; color: #666666;\">Congratulations! Your total prosperity has increased.</td>\r\n											</tr>\r\n										</tbody>\r\n									</table>\r\n									</td>\r\n								</tr>\r\n							</tbody>\r\n						</table>\r\n						</td>\r\n					</tr>\r\n				</tbody>\r\n			</table>\r\n			<!--[if (gte mso 9)|(IE)]>\r\n            </td>\r\n            </tr>\r\n            </table>\r\n            <![endif]--></td>\r\n		</tr>\r\n		<tr>\r\n			<td align=\"center\" bgcolor=\"#F5F7FA\" class=\"section-padding\" style=\"padding: 70px 15px 70px 15px;\"><!--[if (gte mso 9)|(IE)]>\r\n            <table align=\"center\" border=\"0\" cellspacing=\"0\" cellpadding=\"0\" width=\"500\">\r\n            <tr>\r\n            <td align=\"center\" valign=\"top\" width=\"500\">\r\n            <![endif]-->\r\n			<table border=\"0\" cellpadding=\"0\" cellspacing=\"0\" class=\"responsive-table\" style=\"max-width: 500px;\" width=\"100%\">\r\n				<tbody>\r\n					<tr>\r\n						<td><!-- TITLE SECTION AND COPY -->\r\n						<table border=\"0\" cellpadding=\"0\" cellspacing=\"0\" width=\"100%\">\r\n							<tbody>\r\n								<tr>\r\n									<td align=\"center\" class=\"padding\" style=\"font-size: 25px; font-family: Helvetica, Arial, sans-serif; color: #333333;\">The Regal Way</td>\r\n								</tr>\r\n								<tr>\r\n									<td align=\"center\" class=\"padding\" style=\"padding: 20px 0 20px 0; font-size: 16px; line-height: 25px; font-family: Helvetica, Arial, sans-serif; color: #666666;\">Lorem ipsum dolor sit amet, consectetur adipiscing elit.Lorem ipsum dolor sit amet, consectetur adipiscing elit. Sed varius, leo a ullamcorper feugiat, ante purus sodales justo, a faucibus libero lacus a est. Aenean at mollis ipsum.</td>\r\n								</tr>\r\n							</tbody>\r\n						</table>\r\n						</td>\r\n					</tr>\r\n				</tbody>\r\n			</table>\r\n			<!--[if (gte mso 9)|(IE)]>\r\n            </td>\r\n            </tr>\r\n            </table>\r\n            <![endif]--></td>\r\n		</tr>\r\n		<tr>\r\n			<td align=\"center\" bgcolor=\"#fcd116\" style=\"padding: 20px 0px;\"><!--[if (gte mso 9)|(IE)]>\r\n            <table align=\"center\" border=\"0\" cellspacing=\"0\" cellpadding=\"0\" width=\"500\">\r\n            <tr>\r\n            <td align=\"center\" valign=\"top\" width=\"500\">\r\n            <![endif]--><!-- UNSUBSCRIBE COPY -->\r\n			<table align=\"center\" border=\"0\" cellpadding=\"0\" cellspacing=\"0\" class=\"responsive-table\" style=\"max-width: 500px;\" width=\"100%\">\r\n				<tbody>\r\n					<tr>\r\n						<td align=\"center\" style=\"font-size: 12px; line-height: 18px; font-family: Helvetica, Arial, sans-serif; color:#666666;\">Copyright &copy; {year} {SITE_NAME}.<br />\r\n						<a href=\"http://techdemolink.co.in/regalinvestments\" style=\"color: #666666; text-decoration: none;\" target=\"_blank\">Visit Website</a></td>\r\n					</tr>\r\n				</tbody>\r\n			</table>\r\n			<!--[if (gte mso 9)|(IE)]>\r\n            </td>\r\n            </tr>\r\n            </table>\r\n            <![endif]--></td>\r\n		</tr>\r\n	</tbody>\r\n</table>',	'2018-01-14 10:19:44'),
('user_resource_approve',	'Resource Confirm.',	'Resource Approved',	'<style type=\"text/css\">/* CLIENT-SPECIFIC STYLES */\r\n    body, table, td, a{-webkit-text-size-adjust: 100%; -ms-text-size-adjust: 100%;} /* Prevent WebKit and Windows mobile changing default text sizes */\r\n    table, td{mso-table-lspace: 0pt; mso-table-rspace: 0pt;} /* Remove spacing between tables in Outlook 2007 and up */\r\n    img{-ms-interpolation-mode: bicubic;} /* Allow smoother rendering of resized image in Internet Explorer */\r\n\r\n    /* RESET STYLES */\r\n    img{border: 0; height: auto; line-height: 100%; outline: none; text-decoration: none;}\r\n    table{border-collapse: collapse !important;}\r\n    body{height: 100% !important; margin: 0 !important; padding: 0 !important; width: 100% !important;}\r\n\r\n    /* iOS BLUE LINKS */\r\n    a[x-apple-data-detectors] {\r\n        color: inherit !important;\r\n        text-decoration: none !important;\r\n        font-size: inherit !important;\r\n        font-family: inherit !important;\r\n        font-weight: inherit !important;\r\n        line-height: inherit !important;\r\n    }\r\n\r\n    /* MOBILE STYLES */\r\n    @media screen and (max-width: 525px) {\r\n\r\n        /* ALLOWS FOR FLUID TABLES */\r\n        .wrapper {\r\n          width: 100% !important;\r\n        	max-width: 100% !important;\r\n        }\r\n\r\n        /* ADJUSTS LAYOUT OF LOGO IMAGE */\r\n        .logo img {\r\n          margin: 0 auto !important;\r\n        }\r\n\r\n        /* USE THESE CLASSES TO HIDE CONTENT ON MOBILE */\r\n        .mobile-hide {\r\n          display: none !important;\r\n        }\r\n\r\n        .img-max {\r\n          max-width: 100% !important;\r\n          width: 100% !important;\r\n          height: auto !important;\r\n        }\r\n\r\n        /* FULL-WIDTH TABLES */\r\n        .responsive-table {\r\n          width: 100% !important;\r\n        }\r\n\r\n        /* UTILITY CLASSES FOR ADJUSTING PADDING ON MOBILE */\r\n        .padding {\r\n          padding: 10px 5% 15px 5% !important;\r\n        }\r\n\r\n        .padding-meta {\r\n          padding: 30px 5% 0px 5% !important;\r\n          text-align: center;\r\n        }\r\n\r\n        .no-padding {\r\n          padding: 0 !important;\r\n        }\r\n\r\n        .section-padding {\r\n          padding: 50px 15px 50px 15px !important;\r\n        }\r\n\r\n        /* ADJUST BUTTONS ON MOBILE */\r\n        .mobile-button-container {\r\n            margin: 0 auto;\r\n            width: 100% !important;\r\n        }\r\n\r\n        .mobile-button {\r\n            padding: 15px !important;\r\n            border: 0 !important;\r\n            font-size: 16px !important;\r\n            display: block !important;\r\n        }\r\n\r\n    }\r\n\r\n    /* ANDROID CENTER FIX */\r\n    div[style*=\"margin: 16px 0;\"] { margin: 0 !important; }\r\n</style>\r\n<table border=\"0\" cellpadding=\"0\" cellspacing=\"0\" width=\"100%\">\r\n	<tbody>\r\n		<tr>\r\n			<td align=\"center\" bgcolor=\"#333333\"><!--[if (gte mso 9)|(IE)]>\r\n            <table align=\"center\" border=\"0\" cellspacing=\"0\" cellpadding=\"0\" width=\"500\">\r\n            <tr>\r\n            <td align=\"center\" valign=\"top\" width=\"500\">\r\n            <![endif]-->\r\n			<table border=\"0\" cellpadding=\"0\" cellspacing=\"0\" class=\"wrapper\" style=\"max-width: 500px;\" width=\"100%\">\r\n				<tbody>\r\n					<tr>\r\n						<td align=\"center\" class=\"logo\" style=\"padding: 15px 0;\" valign=\"top\"><a href=\"http://techdemolink.co.in/regalinvestments\" target=\"_blank\"><img alt=\"Logo\" border=\"0\" src=\"http://techdemolink.co.in/regalinvestments/public/img/logo.png\" style=\"display: block; font-family: Helvetica, Arial, sans-serif; color: #ffffff; font-size: 16px;\" /> </a></td>\r\n					</tr>\r\n				</tbody>\r\n			</table>\r\n			<!--[if (gte mso 9)|(IE)]>\r\n            </td>\r\n            </tr>\r\n            </table>\r\n            <![endif]--></td>\r\n		</tr>\r\n		<tr>\r\n			<td align=\"center\" bgcolor=\"#ffffff\" class=\"section-padding\" style=\"padding: 70px 15px 70px 15px;\"><!--[if (gte mso 9)|(IE)]>\r\n            <table align=\"center\" border=\"0\" cellspacing=\"0\" cellpadding=\"0\" width=\"500\">\r\n            <tr>\r\n            <td align=\"center\" valign=\"top\" width=\"500\">\r\n            <![endif]-->\r\n			<table border=\"0\" cellpadding=\"0\" cellspacing=\"0\" class=\"responsive-table\" style=\"max-width: 500px;\" width=\"100%\">\r\n				<tbody>\r\n					<tr>\r\n						<td><!-- HERO IMAGE -->\r\n						<table border=\"0\" cellpadding=\"0\" cellspacing=\"0\" width=\"100%\">\r\n							<tbody>\r\n								<tr>\r\n									<td align=\"center\" class=\"padding\">\r\n									<div style=\"background:url(https://image.ibb.co/jRTR96/HEADER_4.png);height:233px;background-size:contain;width:100%;background-repeat:no-repeat;display:table;\">\r\n									<div style=\"font-family: Helvetica, arial, sans-serif; font-size: 26px;display:table-cell;vertical-align:middle;text-align:center;color:white;text-transform:uppercase;\">Resource REQUEST APPROVED</div>\r\n									</div>\r\n									</td>\r\n								</tr>\r\n								<tr>\r\n									<td><!-- COPY -->\r\n									<table border=\"0\" cellpadding=\"0\" cellspacing=\"0\" width=\"100%\">\r\n										<tbody>\r\n											<tr>\r\n												<td align=\"center\" class=\"padding\" style=\"font-size: 25px; font-family: Helvetica, Arial, sans-serif; color: #333333; padding-top: 30px;\">Dear {user_name}</td>\r\n											</tr>\r\n											<tr>\r\n												<td align=\"center\" class=\"padding\" style=\"padding: 20px 0 0 0; font-size: 16px; line-height: 25px; font-family: Helvetica, Arial, sans-serif; color: #666666;\">Your {resource_name} resource request has been approved. You now have access to the resource in your dashboard.</td>\r\n											</tr>\r\n										</tbody>\r\n									</table>\r\n									</td>\r\n								</tr>\r\n							</tbody>\r\n						</table>\r\n						</td>\r\n					</tr>\r\n				</tbody>\r\n			</table>\r\n			<!--[if (gte mso 9)|(IE)]>\r\n            </td>\r\n            </tr>\r\n            </table>\r\n            <![endif]--></td>\r\n		</tr>\r\n		<tr>\r\n			<td align=\"center\" bgcolor=\"#F5F7FA\" class=\"section-padding\" style=\"padding: 70px 15px 70px 15px;\"><!--[if (gte mso 9)|(IE)]>\r\n            <table align=\"center\" border=\"0\" cellspacing=\"0\" cellpadding=\"0\" width=\"500\">\r\n            <tr>\r\n            <td align=\"center\" valign=\"top\" width=\"500\">\r\n            <![endif]-->\r\n			<table border=\"0\" cellpadding=\"0\" cellspacing=\"0\" class=\"responsive-table\" style=\"max-width: 500px;\" width=\"100%\">\r\n				<tbody>\r\n					<tr>\r\n						<td><!-- TITLE SECTION AND COPY -->\r\n						<table border=\"0\" cellpadding=\"0\" cellspacing=\"0\" width=\"100%\">\r\n							<tbody>\r\n								<tr>\r\n									<td align=\"center\" class=\"padding\" style=\"font-size: 25px; font-family: Helvetica, Arial, sans-serif; color: #333333;\">The Regal Way</td>\r\n								</tr>\r\n								<tr>\r\n									<td align=\"center\" class=\"padding\" style=\"padding: 20px 0 20px 0; font-size: 16px; line-height: 25px; font-family: Helvetica, Arial, sans-serif; color: #666666;\">Lorem ipsum dolor sit amet, consectetur adipiscing elit.Lorem ipsum dolor sit amet, consectetur adipiscing elit. Sed varius, leo a ullamcorper feugiat, ante purus sodales justo, a faucibus libero lacus a est. Aenean at mollis ipsum.</td>\r\n								</tr>\r\n							</tbody>\r\n						</table>\r\n						</td>\r\n					</tr>\r\n				</tbody>\r\n			</table>\r\n			<!--[if (gte mso 9)|(IE)]>\r\n            </td>\r\n            </tr>\r\n            </table>\r\n            <![endif]--></td>\r\n		</tr>\r\n		<tr>\r\n			<td align=\"center\" bgcolor=\"#fcd116\" style=\"padding: 20px 0px;\"><!--[if (gte mso 9)|(IE)]>\r\n            <table align=\"center\" border=\"0\" cellspacing=\"0\" cellpadding=\"0\" width=\"500\">\r\n            <tr>\r\n            <td align=\"center\" valign=\"top\" width=\"500\">\r\n            <![endif]--><!-- UNSUBSCRIBE COPY -->\r\n			<table align=\"center\" border=\"0\" cellpadding=\"0\" cellspacing=\"0\" class=\"responsive-table\" style=\"max-width: 500px;\" width=\"100%\">\r\n				<tbody>\r\n					<tr>\r\n						<td align=\"center\" style=\"font-size: 12px; line-height: 18px; font-family: Helvetica, Arial, sans-serif; color:#666666;\">Copyright &copy; {year} {SITE_NAME}.<br />\r\n						<a href=\"http://techdemolink.co.in/regalinvestments\" style=\"color: #666666; text-decoration: none;\" target=\"_blank\">Visit Website</a></td>\r\n					</tr>\r\n				</tbody>\r\n			</table>\r\n			<!--[if (gte mso 9)|(IE)]>\r\n            </td>\r\n            </tr>\r\n            </table>\r\n            <![endif]--></td>\r\n		</tr>\r\n	</tbody>\r\n</table>\r\n',	'2018-01-14 10:20:45'),
('user_resource_reject',	'Resource Request Rejected.',	'Resource Request Rejected.',	'<style type=\"text/css\">/* CLIENT-SPECIFIC STYLES */\r\n    body, table, td, a{-webkit-text-size-adjust: 100%; -ms-text-size-adjust: 100%;} /* Prevent WebKit and Windows mobile changing default text sizes */\r\n    table, td{mso-table-lspace: 0pt; mso-table-rspace: 0pt;} /* Remove spacing between tables in Outlook 2007 and up */\r\n    img{-ms-interpolation-mode: bicubic;} /* Allow smoother rendering of resized image in Internet Explorer */\r\n\r\n    /* RESET STYLES */\r\n    img{border: 0; height: auto; line-height: 100%; outline: none; text-decoration: none;}\r\n    table{border-collapse: collapse !important;}\r\n    body{height: 100% !important; margin: 0 !important; padding: 0 !important; width: 100% !important;}\r\n\r\n    /* iOS BLUE LINKS */\r\n    a[x-apple-data-detectors] {\r\n        color: inherit !important;\r\n        text-decoration: none !important;\r\n        font-size: inherit !important;\r\n        font-family: inherit !important;\r\n        font-weight: inherit !important;\r\n        line-height: inherit !important;\r\n    }\r\n\r\n    /* MOBILE STYLES */\r\n    @media screen and (max-width: 525px) {\r\n\r\n        /* ALLOWS FOR FLUID TABLES */\r\n        .wrapper {\r\n          width: 100% !important;\r\n        	max-width: 100% !important;\r\n        }\r\n\r\n        /* ADJUSTS LAYOUT OF LOGO IMAGE */\r\n        .logo img {\r\n          margin: 0 auto !important;\r\n        }\r\n\r\n        /* USE THESE CLASSES TO HIDE CONTENT ON MOBILE */\r\n        .mobile-hide {\r\n          display: none !important;\r\n        }\r\n\r\n        .img-max {\r\n          max-width: 100% !important;\r\n          width: 100% !important;\r\n          height: auto !important;\r\n        }\r\n\r\n        /* FULL-WIDTH TABLES */\r\n        .responsive-table {\r\n          width: 100% !important;\r\n        }\r\n\r\n        /* UTILITY CLASSES FOR ADJUSTING PADDING ON MOBILE */\r\n        .padding {\r\n          padding: 10px 5% 15px 5% !important;\r\n        }\r\n\r\n        .padding-meta {\r\n          padding: 30px 5% 0px 5% !important;\r\n          text-align: center;\r\n        }\r\n\r\n        .no-padding {\r\n          padding: 0 !important;\r\n        }\r\n\r\n        .section-padding {\r\n          padding: 50px 15px 50px 15px !important;\r\n        }\r\n\r\n        /* ADJUST BUTTONS ON MOBILE */\r\n        .mobile-button-container {\r\n            margin: 0 auto;\r\n            width: 100% !important;\r\n        }\r\n\r\n        .mobile-button {\r\n            padding: 15px !important;\r\n            border: 0 !important;\r\n            font-size: 16px !important;\r\n            display: block !important;\r\n        }\r\n\r\n    }\r\n\r\n    /* ANDROID CENTER FIX */\r\n    div[style*=\"margin: 16px 0;\"] { margin: 0 !important; }\r\n</style>\r\n<table border=\"0\" cellpadding=\"0\" cellspacing=\"0\" width=\"100%\">\r\n	<tbody>\r\n		<tr>\r\n			<td align=\"center\" bgcolor=\"#333333\"><!--[if (gte mso 9)|(IE)]>\r\n            <table align=\"center\" border=\"0\" cellspacing=\"0\" cellpadding=\"0\" width=\"500\">\r\n            <tr>\r\n            <td align=\"center\" valign=\"top\" width=\"500\">\r\n            <![endif]-->\r\n			<table border=\"0\" cellpadding=\"0\" cellspacing=\"0\" class=\"wrapper\" style=\"max-width: 500px;\" width=\"100%\">\r\n				<tbody>\r\n					<tr>\r\n						<td align=\"center\" class=\"logo\" style=\"padding: 15px 0;\" valign=\"top\"><a href=\"http://techdemolink.co.in/regalinvestments\" target=\"_blank\"><img alt=\"Logo\" border=\"0\" src=\"http://techdemolink.co.in/regalinvestments/public/img/logo.png\" style=\"display: block; font-family: Helvetica, Arial, sans-serif; color: #ffffff; font-size: 16px;\" /> </a></td>\r\n					</tr>\r\n				</tbody>\r\n			</table>\r\n			<!--[if (gte mso 9)|(IE)]>\r\n            </td>\r\n            </tr>\r\n            </table>\r\n            <![endif]--></td>\r\n		</tr>\r\n		<tr>\r\n			<td align=\"center\" bgcolor=\"#ffffff\" class=\"section-padding\" style=\"padding: 70px 15px 70px 15px;\"><!--[if (gte mso 9)|(IE)]>\r\n            <table align=\"center\" border=\"0\" cellspacing=\"0\" cellpadding=\"0\" width=\"500\">\r\n            <tr>\r\n            <td align=\"center\" valign=\"top\" width=\"500\">\r\n            <![endif]-->\r\n			<table border=\"0\" cellpadding=\"0\" cellspacing=\"0\" class=\"responsive-table\" style=\"max-width: 500px;\" width=\"100%\">\r\n				<tbody>\r\n					<tr>\r\n						<td><!-- HERO IMAGE -->\r\n						<table border=\"0\" cellpadding=\"0\" cellspacing=\"0\" width=\"100%\">\r\n							<tbody>\r\n								<tr>\r\n									<td align=\"center\" class=\"padding\">\r\n									<div style=\"background:url(https://image.ibb.co/jRTR96/HEADER_4.png);height:233px;background-size:contain;width:100%;background-repeat:no-repeat;display:table;\">\r\n									<div style=\"font-family: Helvetica, arial, sans-serif; font-size: 26px;display:table-cell;vertical-align:middle;text-align:center;color:white;text-transform:uppercase;\">Resource REQUEST DENIED</div>\r\n									</div>\r\n									</td>\r\n								</tr>\r\n								<tr>\r\n									<td><!-- COPY -->\r\n									<table border=\"0\" cellpadding=\"0\" cellspacing=\"0\" width=\"100%\">\r\n										<tbody>\r\n											<tr>\r\n												<td align=\"center\" class=\"padding\" style=\"font-size: 25px; font-family: Helvetica, Arial, sans-serif; color: #333333; padding-top: 30px;\">Dear {user_name}</td>\r\n											</tr>\r\n											<tr>\r\n												<td align=\"center\" class=\"padding\" style=\"padding: 20px 0 0 0; font-size: 16px; line-height: 25px; font-family: Helvetica, Arial, sans-serif; color: #666666;\">Unfortunately, your {resource_name} resource request has been denied at this time.</td>\r\n											</tr>\r\n										</tbody>\r\n									</table>\r\n									</td>\r\n								</tr>\r\n							</tbody>\r\n						</table>\r\n						</td>\r\n					</tr>\r\n				</tbody>\r\n			</table>\r\n			<!--[if (gte mso 9)|(IE)]>\r\n            </td>\r\n            </tr>\r\n            </table>\r\n            <![endif]--></td>\r\n		</tr>\r\n		<tr>\r\n			<td align=\"center\" bgcolor=\"#F5F7FA\" class=\"section-padding\" style=\"padding: 70px 15px 70px 15px;\"><!--[if (gte mso 9)|(IE)]>\r\n            <table align=\"center\" border=\"0\" cellspacing=\"0\" cellpadding=\"0\" width=\"500\">\r\n            <tr>\r\n            <td align=\"center\" valign=\"top\" width=\"500\">\r\n            <![endif]-->\r\n			<table border=\"0\" cellpadding=\"0\" cellspacing=\"0\" class=\"responsive-table\" style=\"max-width: 500px;\" width=\"100%\">\r\n				<tbody>\r\n					<tr>\r\n						<td><!-- TITLE SECTION AND COPY -->\r\n						<table border=\"0\" cellpadding=\"0\" cellspacing=\"0\" width=\"100%\">\r\n							<tbody>\r\n								<tr>\r\n									<td align=\"center\" class=\"padding\" style=\"font-size: 25px; font-family: Helvetica, Arial, sans-serif; color: #333333;\">The Regal Way</td>\r\n								</tr>\r\n								<tr>\r\n									<td align=\"center\" class=\"padding\" style=\"padding: 20px 0 20px 0; font-size: 16px; line-height: 25px; font-family: Helvetica, Arial, sans-serif; color: #666666;\">Lorem ipsum dolor sit amet, consectetur adipiscing elit.Lorem ipsum dolor sit amet, consectetur adipiscing elit. Sed varius, leo a ullamcorper feugiat, ante purus sodales justo, a faucibus libero lacus a est. Aenean at mollis ipsum.</td>\r\n								</tr>\r\n							</tbody>\r\n						</table>\r\n						</td>\r\n					</tr>\r\n				</tbody>\r\n			</table>\r\n			<!--[if (gte mso 9)|(IE)]>\r\n            </td>\r\n            </tr>\r\n            </table>\r\n            <![endif]--></td>\r\n		</tr>\r\n		<tr>\r\n			<td align=\"center\" bgcolor=\"#fcd116\" style=\"padding: 20px 0px;\"><!--[if (gte mso 9)|(IE)]>\r\n            <table align=\"center\" border=\"0\" cellspacing=\"0\" cellpadding=\"0\" width=\"500\">\r\n            <tr>\r\n            <td align=\"center\" valign=\"top\" width=\"500\">\r\n            <![endif]--><!-- UNSUBSCRIBE COPY -->\r\n			<table align=\"center\" border=\"0\" cellpadding=\"0\" cellspacing=\"0\" class=\"responsive-table\" style=\"max-width: 500px;\" width=\"100%\">\r\n				<tbody>\r\n					<tr>\r\n						<td align=\"center\" style=\"font-size: 12px; line-height: 18px; font-family: Helvetica, Arial, sans-serif; color:#666666;\">Copyright &copy; {year} {SITE_NAME}.<br />\r\n						<a href=\"http://techdemolink.co.in/regalinvestments\" style=\"color: #666666; text-decoration: none;\" target=\"_blank\">Visit Website</a></td>\r\n					</tr>\r\n				</tbody>\r\n			</table>\r\n			<!--[if (gte mso 9)|(IE)]>\r\n            </td>\r\n            </tr>\r\n            </table>\r\n            <![endif]--></td>\r\n		</tr>\r\n	</tbody>\r\n</table>\r\n',	'2018-01-14 10:20:54'),
('withdraw_approve_request',	'Withdraw Request',	'Withdrawal Confirmation',	'<style type=\"text/css\">/* CLIENT-SPECIFIC STYLES */\r\n    body, table, td, a{-webkit-text-size-adjust: 100%; -ms-text-size-adjust: 100%;} /* Prevent WebKit and Windows mobile changing default text sizes */\r\n    table, td{mso-table-lspace: 0pt; mso-table-rspace: 0pt;} /* Remove spacing between tables in Outlook 2007 and up */\r\n    img{-ms-interpolation-mode: bicubic;} /* Allow smoother rendering of resized image in Internet Explorer */\r\n\r\n    /* RESET STYLES */\r\n    img{border: 0; height: auto; line-height: 100%; outline: none; text-decoration: none;}\r\n    table{border-collapse: collapse !important;}\r\n    body{height: 100% !important; margin: 0 !important; padding: 0 !important; width: 100% !important;}\r\n\r\n    /* iOS BLUE LINKS */\r\n    a[x-apple-data-detectors] {\r\n        color: inherit !important;\r\n        text-decoration: none !important;\r\n        font-size: inherit !important;\r\n        font-family: inherit !important;\r\n        font-weight: inherit !important;\r\n        line-height: inherit !important;\r\n    }\r\n\r\n    /* MOBILE STYLES */\r\n    @media screen and (max-width: 525px) {\r\n\r\n        /* ALLOWS FOR FLUID TABLES */\r\n        .wrapper {\r\n          width: 100% !important;\r\n        	max-width: 100% !important;\r\n        }\r\n\r\n        /* ADJUSTS LAYOUT OF LOGO IMAGE */\r\n        .logo img {\r\n          margin: 0 auto !important;\r\n        }\r\n\r\n        /* USE THESE CLASSES TO HIDE CONTENT ON MOBILE */\r\n        .mobile-hide {\r\n          display: none !important;\r\n        }\r\n\r\n        .img-max {\r\n          max-width: 100% !important;\r\n          width: 100% !important;\r\n          height: auto !important;\r\n        }\r\n\r\n        /* FULL-WIDTH TABLES */\r\n        .responsive-table {\r\n          width: 100% !important;\r\n        }\r\n\r\n        /* UTILITY CLASSES FOR ADJUSTING PADDING ON MOBILE */\r\n        .padding {\r\n          padding: 10px 5% 15px 5% !important;\r\n        }\r\n\r\n        .padding-meta {\r\n          padding: 30px 5% 0px 5% !important;\r\n          text-align: center;\r\n        }\r\n\r\n        .no-padding {\r\n          padding: 0 !important;\r\n        }\r\n\r\n        .section-padding {\r\n          padding: 50px 15px 50px 15px !important;\r\n        }\r\n\r\n        /* ADJUST BUTTONS ON MOBILE */\r\n        .mobile-button-container {\r\n            margin: 0 auto;\r\n            width: 100% !important;\r\n        }\r\n\r\n        .mobile-button {\r\n            padding: 15px !important;\r\n            border: 0 !important;\r\n            font-size: 16px !important;\r\n            display: block !important;\r\n        }\r\n\r\n    }\r\n\r\n    /* ANDROID CENTER FIX */\r\n    div[style*=\"margin: 16px 0;\"] { margin: 0 !important; }\r\n</style>\r\n<table border=\"0\" cellpadding=\"0\" cellspacing=\"0\" width=\"100%\">\r\n	<tbody>\r\n		<tr>\r\n			<td align=\"center\" bgcolor=\"#333333\"><!--[if (gte mso 9)|(IE)]>\r\n            <table align=\"center\" border=\"0\" cellspacing=\"0\" cellpadding=\"0\" width=\"500\">\r\n            <tr>\r\n            <td align=\"center\" valign=\"top\" width=\"500\">\r\n            <![endif]-->\r\n			<table border=\"0\" cellpadding=\"0\" cellspacing=\"0\" class=\"wrapper\" style=\"max-width: 500px;\" width=\"100%\">\r\n				<tbody>\r\n					<tr>\r\n						<td align=\"center\" class=\"logo\" style=\"padding: 15px 0;\" valign=\"top\"><a href=\"http://techdemolink.co.in/regalinvestments\" target=\"_blank\"><img alt=\"Logo\" border=\"0\" src=\"http://techdemolink.co.in/regalinvestments/public/img/logo.png\" style=\"display: block; font-family: Helvetica, Arial, sans-serif; color: #ffffff; font-size: 16px;\" /> </a></td>\r\n					</tr>\r\n				</tbody>\r\n			</table>\r\n			<!--[if (gte mso 9)|(IE)]>\r\n            </td>\r\n            </tr>\r\n            </table>\r\n            <![endif]--></td>\r\n		</tr>\r\n		<tr>\r\n			<td align=\"center\" bgcolor=\"#ffffff\" class=\"section-padding\" style=\"padding: 70px 15px 70px 15px;\"><!--[if (gte mso 9)|(IE)]>\r\n            <table align=\"center\" border=\"0\" cellspacing=\"0\" cellpadding=\"0\" width=\"500\">\r\n            <tr>\r\n            <td align=\"center\" valign=\"top\" width=\"500\">\r\n            <![endif]-->\r\n			<table border=\"0\" cellpadding=\"0\" cellspacing=\"0\" class=\"responsive-table\" style=\"max-width: 500px;\" width=\"100%\">\r\n				<tbody>\r\n					<tr>\r\n						<td><!-- HERO IMAGE -->\r\n						<table border=\"0\" cellpadding=\"0\" cellspacing=\"0\" width=\"100%\">\r\n							<tbody>\r\n								<tr>\r\n									<td align=\"center\" class=\"padding\">\r\n									<div style=\"background:url(https://image.ibb.co/jRTR96/HEADER_4.png);height:233px;background-size:contain;width:100%;background-repeat:no-repeat;display:table;\">\r\n									<div style=\"font-family: Helvetica, arial, sans-serif; font-size: 26px;display:table-cell;vertical-align:middle;text-align:center;color:white;text-transform:uppercase;\"><strong>Withdrawal PROCESSING</strong></div>\r\n									</div>\r\n									</td>\r\n								</tr>\r\n								<tr>\r\n									<td><!-- COPY -->\r\n									<table border=\"0\" cellpadding=\"0\" cellspacing=\"0\" width=\"100%\">\r\n										<tbody>\r\n											<tr>\r\n												<td align=\"center\" class=\"padding\" style=\"font-size: 25px; font-family: Helvetica, Arial, sans-serif; color: #333333; padding-top: 30px;\">Dear {user_name}</td>\r\n											</tr>\r\n											<tr>\r\n												<td align=\"center\" class=\"padding\" style=\"padding: 20px 0 0 0; font-size: 16px; line-height: 25px; font-family: Helvetica, Arial, sans-serif; color: #666666;\">Your withdrawal is processing. Please allow 5-7 business days to receive your funds.</td>\r\n											</tr>\r\n										</tbody>\r\n									</table>\r\n									</td>\r\n								</tr>\r\n							</tbody>\r\n						</table>\r\n						</td>\r\n					</tr>\r\n				</tbody>\r\n			</table>\r\n			<!--[if (gte mso 9)|(IE)]>\r\n            </td>\r\n            </tr>\r\n            </table>\r\n            <![endif]--></td>\r\n		</tr>\r\n		<tr>\r\n			<td align=\"center\" bgcolor=\"#F5F7FA\" class=\"section-padding\" style=\"padding: 70px 15px 70px 15px;\"><!--[if (gte mso 9)|(IE)]>\r\n            <table align=\"center\" border=\"0\" cellspacing=\"0\" cellpadding=\"0\" width=\"500\">\r\n            <tr>\r\n            <td align=\"center\" valign=\"top\" width=\"500\">\r\n            <![endif]-->\r\n			<table border=\"0\" cellpadding=\"0\" cellspacing=\"0\" class=\"responsive-table\" style=\"max-width: 500px;\" width=\"100%\">\r\n				<tbody>\r\n					<tr>\r\n						<td><!-- TITLE SECTION AND COPY -->\r\n						<table border=\"0\" cellpadding=\"0\" cellspacing=\"0\" width=\"100%\">\r\n							<tbody>\r\n								<tr>\r\n									<td align=\"center\" class=\"padding\" style=\"font-size: 25px; font-family: Helvetica, Arial, sans-serif; color: #333333;\">The Regal Way</td>\r\n								</tr>\r\n								<tr>\r\n									<td align=\"center\" class=\"padding\" style=\"padding: 20px 0 20px 0; font-size: 16px; line-height: 25px; font-family: Helvetica, Arial, sans-serif; color: #666666;\">Lorem ipsum dolor sit amet, consectetur adipiscing elit.Lorem ipsum dolor sit amet, consectetur adipiscing elit. Sed varius, leo a ullamcorper feugiat, ante purus sodales justo, a faucibus libero lacus a est. Aenean at mollis ipsum.</td>\r\n								</tr>\r\n							</tbody>\r\n						</table>\r\n						</td>\r\n					</tr>\r\n				</tbody>\r\n			</table>\r\n			<!--[if (gte mso 9)|(IE)]>\r\n            </td>\r\n            </tr>\r\n            </table>\r\n            <![endif]--></td>\r\n		</tr>\r\n		<tr>\r\n			<td align=\"center\" bgcolor=\"#fcd116\" style=\"padding: 20px 0px;\"><!--[if (gte mso 9)|(IE)]>\r\n            <table align=\"center\" border=\"0\" cellspacing=\"0\" cellpadding=\"0\" width=\"500\">\r\n            <tr>\r\n            <td align=\"center\" valign=\"top\" width=\"500\">\r\n            <![endif]--><!-- UNSUBSCRIBE COPY -->\r\n			<table align=\"center\" border=\"0\" cellpadding=\"0\" cellspacing=\"0\" class=\"responsive-table\" style=\"max-width: 500px;\" width=\"100%\">\r\n				<tbody>\r\n					<tr>\r\n						<td align=\"center\" style=\"font-size: 12px; line-height: 18px; font-family: Helvetica, Arial, sans-serif; color:#666666;\">Copyright &copy; {year} {SITE_NAME}.<br />\r\n						<a href=\"http://techdemolink.co.in/regalinvestments\" style=\"color: #666666; text-decoration: none;\" target=\"_blank\">Visit Website</a></td>\r\n					</tr>\r\n				</tbody>\r\n			</table>\r\n			<!--[if (gte mso 9)|(IE)]>\r\n            </td>\r\n            </tr>\r\n            </table>\r\n            <![endif]--></td>\r\n		</tr>\r\n	</tbody>\r\n</table>\r\n',	'2018-01-14 10:21:07');

DROP TABLE IF EXISTS `faq`;
CREATE TABLE `faq` (
  `faq_id` int(11) NOT NULL AUTO_INCREMENT,
  `faq_question` varchar(250) COLLATE utf8_bin DEFAULT NULL,
  `faq_answer` text COLLATE utf8_bin,
  `faq_added_date` datetime DEFAULT NULL,
  `faq_order` int(11) NOT NULL,
  PRIMARY KEY (`faq_id`)
) ENGINE=InnoDB DEFAULT CHARSET=utf8 COLLATE=utf8_bin;

INSERT INTO `faq` (`faq_id`, `faq_question`, `faq_answer`, `faq_added_date`, `faq_order`) VALUES
(39,	'What countries do you offer your services to?',	'Regal Investments\' services are available to individuals from all countries.',	'2018-01-15 03:14:04',	2),
(40,	'How long will it take for my account to be open?',	'The account approval process generally takes 1-3 business days. \r\n\r\nUnder certain circumstances, the process may take up to 2 weeks.',	'2018-01-15 03:13:31',	5),
(41,	'How can I make changes to my plan(s)?',	'You may request subscription to a new plan from your My Account dashboard.',	'2017-12-05 03:37:26',	1),
(43,	'How long does it take for my withdrawal to process?',	'Withdrawals are processed in 5-7 business days after funds are settled.',	'2017-12-05 03:30:40',	6),
(44,	'How long does it take for funds to settle?',	'Funds are settled 1-2 business days after Regal Investments conducts a trade, or the next business day after a general withdrawal request.',	'2017-12-07 04:51:45',	3),
(45,	'Why was my plan request rejected?',	'There are a number of reasons plan requests may be rejected. Regal Investments maintains the right to deny a plan request if all requirements are not met.\r\n\r\nNote: Certain Prosperity Plans are available for a limited time and certain Prosperity Plans have a maximum participation time.',	'2018-01-15 03:13:10',	4);

DROP TABLE IF EXISTS `home_content`;
CREATE TABLE `home_content` (
  `content_id` int(11) NOT NULL AUTO_INCREMENT,
  `content_type` varchar(500) CHARACTER SET latin1 NOT NULL,
  `block_content` text CHARACTER SET latin1 NOT NULL,
  PRIMARY KEY (`content_id`)
) ENGINE=InnoDB DEFAULT CHARSET=utf8 COLLATE=utf8_bin;


DROP TABLE IF EXISTS `home_media`;
CREATE TABLE `home_media` (
  `hom_med_id` int(11) NOT NULL AUTO_INCREMENT,
  `hom_med_key` varchar(255) COLLATE utf8_bin NOT NULL,
  `hom_med_value` varchar(255) COLLATE utf8_bin NOT NULL,
  PRIMARY KEY (`hom_med_id`)
) ENGINE=InnoDB DEFAULT CHARSET=utf8 COLLATE=utf8_bin;

INSERT INTO `home_media` (`hom_med_id`, `hom_med_key`, `hom_med_value`) VALUES
(1,	'home_banner_image',	'1516008773-43331.jpg'),
(2,	'business_support_image',	'1512800944-63702.jpg'),
(3,	'business_support_video',	'1512714046-38552.mp4'),
(4,	'business_strategy_image',	'1512714046-53176.jpg'),
(5,	'business_strategy_video',	'1512714046-7176.mp4'),
(6,	'company_professional_image',	'1512800372-27499.jpg'),
(7,	'company_professional_video',	'1512714046-37957.mp4'),
(8,	'client_video_image',	'1512714046-72150.jpg'),
(9,	'client_video',	'1512714046-56905.mp4');

DROP TABLE IF EXISTS `investing_reason`;
CREATE TABLE `investing_reason` (
  `inv_res_id` int(11) NOT NULL AUTO_INCREMENT,
  `inv_res_title` varchar(255) COLLATE utf8_bin NOT NULL,
  `inv_res_year` int(11) NOT NULL,
  `inv_res_risk` int(11) DEFAULT NULL,
  `inv_res_color` varchar(255) COLLATE utf8_bin NOT NULL,
  PRIMARY KEY (`inv_res_id`),
  KEY `inv_res_risk` (`inv_res_risk`),
  CONSTRAINT `investing_reason_ibfk_1` FOREIGN KEY (`inv_res_risk`) REFERENCES `investing_risk` (`inv_ris_id`) ON DELETE CASCADE
) ENGINE=InnoDB DEFAULT CHARSET=utf8 COLLATE=utf8_bin;

INSERT INTO `investing_reason` (`inv_res_id`, `inv_res_title`, `inv_res_year`, `inv_res_risk`, `inv_res_color`) VALUES
(1,	'Saving for retirement',	15,	1,	'green'),
(2,	'General investing',	2,	2,	'green'),
(3,	'Building capital',	1,	3,	'#fcd116'),
(4,	'Emergency fund',	1,	1,	'green'),
(5,	'Saving for major purchase',	0,	NULL,	'');

DROP TABLE IF EXISTS `investing_reason_configs`;
CREATE TABLE `investing_reason_configs` (
  `inv_res_config_id` int(11) NOT NULL AUTO_INCREMENT,
  `inv_res_config_resid` int(11) NOT NULL,
  `inv_res_config_title` varchar(255) COLLATE utf8_bin NOT NULL,
  `inv_res_config_optid` int(11) DEFAULT NULL,
  `inv_res_config_isreturn` enum('0','1') COLLATE utf8_bin NOT NULL DEFAULT '0' COMMENT '0=>no,1=>yes',
  PRIMARY KEY (`inv_res_config_id`),
  KEY `inv_res_config_resid` (`inv_res_config_resid`),
  KEY `inv_res_config_optid` (`inv_res_config_optid`),
  CONSTRAINT `investing_reason_configs_ibfk_1` FOREIGN KEY (`inv_res_config_resid`) REFERENCES `investing_reason` (`inv_res_id`) ON DELETE CASCADE,
  CONSTRAINT `investing_reason_configs_ibfk_2` FOREIGN KEY (`inv_res_config_optid`) REFERENCES `investing_reason_option` (`inv_res_opt_id`) ON DELETE CASCADE
) ENGINE=InnoDB DEFAULT CHARSET=utf8 COLLATE=utf8_bin;

INSERT INTO `investing_reason_configs` (`inv_res_config_id`, `inv_res_config_resid`, `inv_res_config_title`, `inv_res_config_optid`, `inv_res_config_isreturn`) VALUES
(1,	1,	'Stocks',	NULL,	'0'),
(2,	1,	'Warrants',	NULL,	'0'),
(3,	1,	'Forex',	NULL,	'0'),
(4,	2,	'Stocks',	NULL,	'0'),
(5,	2,	'Options',	NULL,	'0'),
(6,	2,	'Forex',	NULL,	'0'),
(7,	2,	'Futures',	NULL,	'0'),
(8,	3,	'Stocks',	NULL,	'0'),
(9,	3,	'Options',	NULL,	'0'),
(10,	4,	'Stocks',	NULL,	'0'),
(11,	4,	'Forex',	NULL,	'0'),
(12,	4,	'Warrants',	NULL,	'0'),
(13,	5,	'Options',	1,	'0'),
(14,	5,	'Stocks',	1,	'0'),
(15,	5,	'Forex',	1,	'0'),
(16,	5,	'Options',	2,	'0'),
(17,	5,	'Stocks',	2,	'0'),
(18,	5,	'Forex',	2,	'0'),
(19,	5,	'Futures',	2,	'0'),
(20,	5,	'Stocks',	3,	'0'),
(21,	5,	'Options',	3,	'0'),
(22,	5,	'Stocks',	4,	'0'),
(23,	5,	'Options',	4,	'0'),
(24,	1,	'Monthly',	NULL,	'1'),
(25,	2,	'Monthly',	NULL,	'1'),
(26,	3,	'Monthly',	NULL,	'1'),
(27,	4,	'Monthly',	NULL,	'1'),
(28,	5,	'Monthly',	1,	'1'),
(29,	5,	'Monthly',	2,	'1'),
(30,	5,	'Monthly',	3,	'1'),
(31,	5,	'Monthly',	4,	'1');

DROP TABLE IF EXISTS `investing_reason_option`;
CREATE TABLE `investing_reason_option` (
  `inv_res_opt_id` int(11) NOT NULL AUTO_INCREMENT,
  `inv_res_opt_resid` int(11) DEFAULT NULL,
  `inv_res_opt_restype` varchar(255) COLLATE utf8_bin NOT NULL,
  `inv_res_opt_risk` int(11) NOT NULL,
  `inv_res_opt_color` varchar(255) COLLATE utf8_bin NOT NULL,
  PRIMARY KEY (`inv_res_opt_id`),
  KEY `inv_res_opt_resid` (`inv_res_opt_resid`),
  KEY `inv_res_opt_risk` (`inv_res_opt_risk`),
  CONSTRAINT `investing_reason_option_ibfk_1` FOREIGN KEY (`inv_res_opt_resid`) REFERENCES `investing_reason` (`inv_res_id`) ON DELETE CASCADE,
  CONSTRAINT `investing_reason_option_ibfk_2` FOREIGN KEY (`inv_res_opt_risk`) REFERENCES `investing_risk` (`inv_ris_id`) ON DELETE CASCADE
) ENGINE=InnoDB DEFAULT CHARSET=utf8 COLLATE=utf8_bin;

INSERT INTO `investing_reason_option` (`inv_res_opt_id`, `inv_res_opt_resid`, `inv_res_opt_restype`, `inv_res_opt_risk`, `inv_res_opt_color`) VALUES
(1,	5,	'<1 month',	5,	'red'),
(2,	5,	'1-3 months',	4,	'red'),
(3,	5,	'3-6 months',	3,	'#fcd116'),
(4,	5,	'1 year+',	3,	'#fcd116');

DROP TABLE IF EXISTS `investing_reason_pervalue`;
CREATE TABLE `investing_reason_pervalue` (
  `inv_res_per_vid` int(11) NOT NULL AUTO_INCREMENT,
  `inv_res_per_resid` int(11) NOT NULL,
  `inv_res_per_resoptid` int(11) DEFAULT NULL,
  `inv_res_per_stocks` float(25,2) NOT NULL,
  `inv_res_per_warrenties` float(25,2) NOT NULL,
  `inv_res_per_forex` float(25,2) NOT NULL,
  `inv_res_per_futures` float(25,2) NOT NULL,
  `inv_res_per_options` float(25,2) NOT NULL,
  `inv_res_per_monthly` float(25,2) NOT NULL COMMENT 'return on investment',
  `inv_res_per_returntype` enum('0','1') COLLATE utf8_bin NOT NULL DEFAULT '0' COMMENT '0=>Compunded,1=>not compunded',
  PRIMARY KEY (`inv_res_per_vid`),
  KEY `inv_res_per_resid` (`inv_res_per_resid`),
  KEY `inv_res_per_resoptid` (`inv_res_per_resoptid`),
  CONSTRAINT `investing_reason_pervalue_ibfk_1` FOREIGN KEY (`inv_res_per_resid`) REFERENCES `investing_reason` (`inv_res_id`) ON DELETE CASCADE,
  CONSTRAINT `investing_reason_pervalue_ibfk_2` FOREIGN KEY (`inv_res_per_resoptid`) REFERENCES `investing_reason_option` (`inv_res_opt_id`) ON DELETE CASCADE
) ENGINE=InnoDB DEFAULT CHARSET=utf8 COLLATE=utf8_bin;

INSERT INTO `investing_reason_pervalue` (`inv_res_per_vid`, `inv_res_per_resid`, `inv_res_per_resoptid`, `inv_res_per_stocks`, `inv_res_per_warrenties`, `inv_res_per_forex`, `inv_res_per_futures`, `inv_res_per_options`, `inv_res_per_monthly`, `inv_res_per_returntype`) VALUES
(1,	1,	NULL,	86.00,	9.00,	5.00,	0.00,	0.00,	23.00,	'0'),
(2,	2,	NULL,	78.00,	0.00,	7.00,	3.00,	12.00,	34.00,	'1'),
(3,	3,	NULL,	55.00,	0.00,	0.00,	0.00,	45.00,	45.00,	'1'),
(4,	4,	NULL,	80.00,	10.00,	10.00,	0.00,	0.00,	12.00,	'1'),
(5,	5,	1,	25.00,	0.00,	11.00,	0.00,	64.00,	23.00,	'1'),
(6,	5,	2,	35.00,	0.00,	15.00,	10.00,	40.00,	24.00,	'1'),
(7,	5,	3,	64.00,	0.00,	0.00,	0.00,	36.00,	46.00,	'1'),
(8,	5,	4,	58.00,	0.00,	0.00,	0.00,	42.00,	56.00,	'1');

DROP TABLE IF EXISTS `investing_risk`;
CREATE TABLE `investing_risk` (
  `inv_ris_id` int(11) NOT NULL AUTO_INCREMENT,
  `inv_ris_text` varchar(255) COLLATE utf8_bin NOT NULL,
  PRIMARY KEY (`inv_ris_id`)
) ENGINE=InnoDB DEFAULT CHARSET=utf8 COLLATE=utf8_bin;

INSERT INTO `investing_risk` (`inv_ris_id`, `inv_ris_text`) VALUES
(1,	'There is little to no risk of a trade that leads to a loss. Your funds will be traded once or twice per month. '),
(2,	'There is little to no risk of a trade that leads to a loss. Your funds will be traded once per week.'),
(3,	'There is a moderate amount of risk of a trade that leads to a loss. Your funds will be traded once or twice per week.'),
(4,	'There is a high risk for a trade that leads to a loss. Your funds will be traded three or four times per week.'),
(5,	'There is substantial risk of a trade that leads to a loss. Your funds will be traded everyday.  ');

DROP TABLE IF EXISTS `investing_type`;
CREATE TABLE `investing_type` (
  `inv_ty_id` int(11) NOT NULL AUTO_INCREMENT,
  `inv_ty_title` varchar(255) COLLATE utf8_bin NOT NULL,
  `inv_ty_slug` varchar(255) COLLATE utf8_bin NOT NULL,
  PRIMARY KEY (`inv_ty_id`)
) ENGINE=InnoDB DEFAULT CHARSET=utf8 COLLATE=utf8_bin;

INSERT INTO `investing_type` (`inv_ty_id`, `inv_ty_title`, `inv_ty_slug`) VALUES
(1,	'Investing Myself',	'investing_myself'),
(2,	'Employer Plan',	'employer_plan'),
(3,	'Investment Advisor',	'investment_advisor');

DROP TABLE IF EXISTS `investment_plans`;
CREATE TABLE `investment_plans` (
  `inv_pl_id` int(11) NOT NULL AUTO_INCREMENT,
  `inv_pl_title` varchar(255) COLLATE utf8_bin NOT NULL,
  `inv_pl_type` enum('0','1','2') COLLATE utf8_bin NOT NULL DEFAULT '0' COMMENT '0=>no plan,1=>monthly,2=>yearly',
  `inv_pl_duration` int(11) NOT NULL,
  `inv_pl_maxcount` int(11) NOT NULL,
  PRIMARY KEY (`inv_pl_id`)
) ENGINE=InnoDB DEFAULT CHARSET=utf8 COLLATE=utf8_bin;

INSERT INTO `investment_plans` (`inv_pl_id`, `inv_pl_title`, `inv_pl_type`, `inv_pl_duration`, `inv_pl_maxcount`) VALUES
(1,	'The Come Up',	'1',	1,	3),
(2,	'Hole In 1',	'0',	0,	0),
(3,	'Direct Investing',	'0',	0,	0),
(4,	'Five Finger Discount',	'0',	0,	0),
(6,	'Profit Visions',	'0',	0,	0),
(7,	'The Big \'M\'',	'0',	0,	0),
(8,	'The Little \'M\'',	'0',	0,	0);

DROP TABLE IF EXISTS `job`;
CREATE TABLE `job` (
  `job_id` int(11) NOT NULL AUTO_INCREMENT,
  `job_title` text COLLATE utf8_bin NOT NULL,
  `job_desc` text COLLATE utf8_bin NOT NULL,
  `job_added_date` datetime NOT NULL,
  PRIMARY KEY (`job_id`)
) ENGINE=InnoDB DEFAULT CHARSET=utf8 COLLATE=utf8_bin;

INSERT INTO `job` (`job_id`, `job_title`, `job_desc`, `job_added_date`) VALUES
(1,	'Lorem Ipsum is simply dummy text of the printing and typesetting industry.',	'<strong>What is Lorem Ipsum?</strong><br />\r\n<br />\r\nLorem Ipsum&nbsp;is simply dummy text of the printing and typesetting industry. Lorem Ipsum has been the industry&#39;s standard dummy text ever since the 1500s, when an unknown printer took a galley of type and scrambled it to make a type specimen book. It has survived not only five centuries, but also the leap into electronic typesetting, remaining essentially unchanged. It was popularised in the 1960s with the release of Letraset sheets containing Lorem Ipsum passages, and more recently with desktop publishing software like Aldus PageMaker including versions of Lorem Ipsum.',	'2017-12-29 07:00:08'),
(2,	'Required SAP Consultant for the Regal Investments Site.',	'We hire one of the Best SAP consultant for our USA location, we want 5+ years of Exp for that.<br />\r\n<br />\r\n<br />\r\n<span style=\"color:#800080;\"><span style=\"font-size:14px;\"><em><u>Regards&nbsp;<br />\r\n<br />\r\nTeam Regal</u></em></span></span>',	'2017-12-29 11:01:43');

DROP TABLE IF EXISTS `job_apply`;
CREATE TABLE `job_apply` (
  `job_app_id` int(11) NOT NULL AUTO_INCREMENT,
  `job_app_name` varchar(255) COLLATE utf8_bin NOT NULL,
  `job_app_email` varchar(255) COLLATE utf8_bin NOT NULL,
  `job_app_phone` varchar(255) COLLATE utf8_bin NOT NULL,
  `job_app_detail` text COLLATE utf8_bin NOT NULL,
  `job_app_file` varchar(255) COLLATE utf8_bin NOT NULL,
  `job_app_appliedon` datetime NOT NULL,
  `job_app_jobid` int(11) DEFAULT NULL,
  PRIMARY KEY (`job_app_id`),
  KEY `job_app_jobid` (`job_app_jobid`),
  CONSTRAINT `job_apply_ibfk_1` FOREIGN KEY (`job_app_jobid`) REFERENCES `job` (`job_id`) ON DELETE CASCADE
) ENGINE=InnoDB DEFAULT CHARSET=utf8 COLLATE=utf8_bin;

INSERT INTO `job_apply` (`job_app_id`, `job_app_name`, `job_app_email`, `job_app_phone`, `job_app_detail`, `job_app_file`, `job_app_appliedon`, `job_app_jobid`) VALUES
(1,	'Demo User',	'techdemo22@gmail.com',	'4357735234',	'Lorem Ipsum is simply dummy text of the printing and typesetting industry. Lorem Ipsum has been the industry\'s standard dummy text ever since the 1500s, when an unknown printer took a galley of type and scrambled it to make a type specimen book. It has survived not only five centuries, but also the leap into electronic typesetting, remaining essentially unchanged. It was popularised in the 1960s with the release of Letraset sheets containing Lorem Ipsum passages, and more recently with desktop publishing software like Aldus PageMaker including versions of Lorem Ipsum.',	'1514552522-90480.pdf',	'2017-12-29 07:02:02',	1),
(2,	'Demo user',	'techdemo3@techdemolink.co.in',	'852123',	'Dummy mail\r\n\r\nThanks',	'1514607972-53125.pdf',	'2017-12-29 22:26:12',	1),
(3,	'Tech new',	'techdemo3@techdemolink.co.in',	'852123',	'Lorem Ipsum is simply dummy text of the printing and typesetting industry.\r\n\r\nThanks',	'1514608224-64962.pdf',	'2017-12-29 22:30:24',	1),
(4,	'Manoj',	'sunilbhati286+450@gmail.com',	'01334567890',	'I want to do this jod, ASAP i can join this.\r\n\r\nRegards \r\n\r\nManoj',	'1514610493-14599.jpg',	'2017-12-29 23:08:15',	2),
(5,	'Hinal Bhati',	'companytester0+789@gmail.com',	'(132) 456-7890',	'I want to do this job ASAP.',	'',	'2017-12-29 23:15:44',	2),
(6,	'ad',	'asdasd@gmail.com',	'223423',	'234',	'1514618630-12372.jpg',	'2017-12-30 01:23:50',	1),
(7,	'aasd',	'dasdas@gmail.com',	'43345',	'dgfdfg',	'1514619248-47626.pdf',	'2017-12-30 01:34:08',	2),
(8,	'Paras Anjana',	'companytester0+786@gmail.com',	'123-456-7890',	'This is my new cv.',	'1514625871-3059.pdf',	'2017-12-30 03:24:31',	2),
(9,	'New User',	'techdemo22@gmail.com',	'852123',	'Demo',	'',	'2017-12-30 03:27:35',	2);

DROP TABLE IF EXISTS `notifications`;
CREATE TABLE `notifications` (
  `notification_id` int(11) NOT NULL AUTO_INCREMENT,
  `notification_type` enum('0','1','2','3','4','5','6','7','8','9','10','11','12','13') COLLATE utf8_bin NOT NULL DEFAULT '0' COMMENT '0=plan added by user,1=>plan approved by admin,2=>plan rejected by admin,''3''=>balance is added by admin,4=>user send consulting request to admin,5=>desposit amount request by user,6=>withdraw amount request by user,7=>job applied by user,8=>"withdraw approve request",9=>"deposit approv request",10=>resource requestby user,11=>resource accepted by admin,12=>resource rejected by admin,13=>prosperity is update by admin',
  `notification_user_id` int(11) NOT NULL,
  `notification_by_user_id` int(11) DEFAULT NULL,
  `notification_read_status` enum('0','1') COLLATE utf8_bin NOT NULL DEFAULT '0' COMMENT '0=Unread,1=Read',
  `notification_date` datetime NOT NULL,
  `notification_plan_id` int(11) DEFAULT NULL,
  `notification_consult_id` int(11) DEFAULT NULL,
  `notification_job_app_id` int(11) DEFAULT NULL,
  `notification_trans_id` int(11) DEFAULT NULL COMMENT 'transfer id',
  `notification_user_bal_id` int(11) DEFAULT NULL,
  `notification_resource_id` int(11) DEFAULT NULL,
  PRIMARY KEY (`notification_id`),
  KEY `notification_user_id` (`notification_user_id`),
  KEY `notification_by_user_id` (`notification_by_user_id`),
  KEY `notification_plan_id` (`notification_plan_id`),
  KEY `notification_consult_id` (`notification_consult_id`),
  KEY `notification_job_app_id` (`notification_job_app_id`),
  KEY `notification_prop_id` (`notification_plan_id`),
  KEY `notification_trans_id_2` (`notification_trans_id`),
  KEY `notification_trans_id` (`notification_trans_id`),
  KEY `notification_user_bal_id` (`notification_user_bal_id`),
  KEY `notification_resource_id` (`notification_resource_id`),
  CONSTRAINT `notifications_ibfk_1` FOREIGN KEY (`notification_user_id`) REFERENCES `users` (`user_id`) ON DELETE CASCADE,
  CONSTRAINT `notifications_ibfk_2` FOREIGN KEY (`notification_by_user_id`) REFERENCES `users` (`user_id`) ON DELETE CASCADE,
  CONSTRAINT `notifications_ibfk_3` FOREIGN KEY (`notification_plan_id`) REFERENCES `users_plan` (`user_plan_id`) ON DELETE CASCADE,
  CONSTRAINT `notifications_ibfk_4` FOREIGN KEY (`notification_trans_id`) REFERENCES `user_transfer` (`user_trans_id`) ON DELETE CASCADE,
  CONSTRAINT `notifications_ibfk_5` FOREIGN KEY (`notification_job_app_id`) REFERENCES `job_apply` (`job_app_id`) ON DELETE CASCADE,
  CONSTRAINT `notifications_ibfk_6` FOREIGN KEY (`notification_consult_id`) REFERENCES `consulting_send_request` (`consult_id`) ON DELETE CASCADE,
  CONSTRAINT `notifications_ibfk_7` FOREIGN KEY (`notification_user_bal_id`) REFERENCES `users_balance` (`user_bal_id`) ON DELETE CASCADE,
  CONSTRAINT `notifications_ibfk_8` FOREIGN KEY (`notification_resource_id`) REFERENCES `users_resource` (`user_res_id`) ON DELETE CASCADE
) ENGINE=InnoDB DEFAULT CHARSET=utf8 COLLATE=utf8_bin;

INSERT INTO `notifications` (`notification_id`, `notification_type`, `notification_user_id`, `notification_by_user_id`, `notification_read_status`, `notification_date`, `notification_plan_id`, `notification_consult_id`, `notification_job_app_id`, `notification_trans_id`, `notification_user_bal_id`, `notification_resource_id`) VALUES
(1,	'3',	3,	1,	'1',	'2017-11-17 00:00:00',	NULL,	NULL,	NULL,	NULL,	NULL,	NULL),
(4,	'0',	1,	3,	'1',	'2017-11-17 00:00:00',	6,	NULL,	NULL,	NULL,	NULL,	NULL),
(5,	'2',	3,	1,	'1',	'2017-11-17 00:00:00',	6,	NULL,	NULL,	NULL,	NULL,	NULL),
(6,	'0',	1,	3,	'1',	'2017-11-17 00:00:00',	7,	NULL,	NULL,	NULL,	NULL,	NULL),
(7,	'2',	3,	1,	'1',	'2017-11-17 00:00:00',	7,	NULL,	NULL,	NULL,	NULL,	NULL),
(8,	'0',	1,	6,	'1',	'2017-11-17 00:00:00',	12,	NULL,	NULL,	NULL,	NULL,	NULL),
(15,	'1',	6,	1,	'1',	'2017-11-18 00:00:00',	12,	NULL,	NULL,	NULL,	NULL,	NULL),
(16,	'0',	1,	3,	'1',	'2017-11-18 00:00:00',	19,	NULL,	NULL,	NULL,	NULL,	NULL),
(17,	'2',	3,	1,	'1',	'2017-11-18 00:00:00',	19,	NULL,	NULL,	NULL,	NULL,	NULL),
(18,	'0',	1,	3,	'1',	'2017-11-18 03:44:18',	20,	NULL,	NULL,	NULL,	NULL,	NULL),
(19,	'2',	3,	1,	'1',	'2017-11-18 03:46:38',	20,	NULL,	NULL,	NULL,	NULL,	NULL),
(20,	'0',	1,	12,	'1',	'2017-11-18 04:18:58',	27,	NULL,	NULL,	NULL,	NULL,	NULL),
(21,	'1',	12,	1,	'1',	'2017-11-18 04:19:43',	27,	NULL,	NULL,	NULL,	NULL,	NULL),
(22,	'3',	13,	1,	'1',	'2017-11-18 04:37:07',	NULL,	NULL,	NULL,	NULL,	NULL,	NULL),
(23,	'3',	13,	1,	'1',	'2017-11-18 04:37:29',	NULL,	NULL,	NULL,	NULL,	NULL,	NULL),
(24,	'3',	12,	1,	'1',	'2017-11-18 04:38:12',	NULL,	NULL,	NULL,	NULL,	NULL,	NULL),
(25,	'3',	13,	1,	'1',	'2017-11-18 04:55:16',	NULL,	NULL,	NULL,	NULL,	NULL,	NULL),
(26,	'3',	13,	1,	'1',	'2017-11-18 04:55:26',	NULL,	NULL,	NULL,	NULL,	NULL,	NULL),
(27,	'3',	13,	1,	'1',	'2017-11-18 04:56:24',	NULL,	NULL,	NULL,	NULL,	NULL,	NULL),
(28,	'3',	13,	1,	'1',	'2017-11-18 04:56:35',	NULL,	NULL,	NULL,	NULL,	NULL,	NULL),
(29,	'3',	13,	1,	'1',	'2017-11-18 04:57:03',	NULL,	NULL,	NULL,	NULL,	NULL,	NULL),
(30,	'3',	13,	1,	'1',	'2017-11-18 05:04:07',	NULL,	NULL,	NULL,	NULL,	NULL,	NULL),
(31,	'3',	13,	1,	'0',	'2017-11-18 05:04:35',	NULL,	NULL,	NULL,	NULL,	NULL,	NULL),
(32,	'3',	12,	1,	'1',	'2017-11-18 05:05:43',	NULL,	NULL,	NULL,	NULL,	NULL,	NULL),
(33,	'3',	12,	1,	'0',	'2017-11-18 05:06:04',	NULL,	NULL,	NULL,	NULL,	NULL,	NULL),
(38,	'3',	15,	1,	'1',	'2017-11-20 11:19:47',	NULL,	NULL,	NULL,	NULL,	NULL,	NULL),
(39,	'3',	15,	1,	'1',	'2017-11-20 11:20:08',	NULL,	NULL,	NULL,	NULL,	NULL,	NULL),
(40,	'3',	15,	1,	'1',	'2017-11-20 11:22:33',	NULL,	NULL,	NULL,	NULL,	NULL,	NULL),
(41,	'0',	1,	15,	'1',	'2017-11-20 14:58:46',	42,	NULL,	NULL,	NULL,	NULL,	NULL),
(42,	'1',	15,	1,	'1',	'2017-11-26 16:45:45',	42,	NULL,	NULL,	NULL,	NULL,	NULL),
(43,	'3',	15,	1,	'1',	'2017-11-26 16:46:45',	NULL,	NULL,	NULL,	NULL,	NULL,	NULL),
(44,	'0',	1,	19,	'1',	'2017-12-05 13:21:03',	53,	NULL,	NULL,	NULL,	NULL,	NULL),
(45,	'0',	1,	19,	'1',	'2017-12-05 13:25:33',	54,	NULL,	NULL,	NULL,	NULL,	NULL),
(46,	'2',	19,	1,	'0',	'2017-12-05 13:27:54',	53,	NULL,	NULL,	NULL,	NULL,	NULL),
(47,	'1',	19,	1,	'0',	'2017-12-05 13:29:00',	54,	NULL,	NULL,	NULL,	NULL,	NULL),
(48,	'3',	13,	1,	'0',	'2017-12-07 09:33:31',	NULL,	NULL,	NULL,	NULL,	NULL,	NULL),
(49,	'0',	1,	20,	'1',	'2017-12-07 09:44:40',	56,	NULL,	NULL,	NULL,	NULL,	NULL),
(50,	'1',	20,	1,	'1',	'2017-12-07 09:45:41',	56,	NULL,	NULL,	NULL,	NULL,	NULL),
(51,	'3',	13,	1,	'0',	'2017-12-07 10:00:07',	NULL,	NULL,	NULL,	NULL,	NULL,	NULL),
(52,	'3',	20,	1,	'0',	'2017-12-07 16:06:14',	NULL,	NULL,	NULL,	NULL,	NULL,	NULL),
(55,	'0',	1,	12,	'1',	'2017-12-08 23:23:22',	59,	NULL,	NULL,	NULL,	NULL,	NULL),
(56,	'3',	12,	1,	'0',	'2017-12-08 23:24:12',	NULL,	NULL,	NULL,	NULL,	NULL,	NULL),
(57,	'0',	1,	22,	'1',	'2017-12-09 00:35:51',	64,	NULL,	NULL,	NULL,	NULL,	NULL),
(58,	'1',	22,	1,	'1',	'2017-12-09 00:36:28',	64,	NULL,	NULL,	NULL,	NULL,	NULL),
(59,	'0',	1,	22,	'1',	'2017-12-09 00:37:51',	65,	NULL,	NULL,	NULL,	NULL,	NULL),
(60,	'1',	22,	1,	'1',	'2017-12-09 00:38:03',	65,	NULL,	NULL,	NULL,	NULL,	NULL),
(61,	'0',	1,	3,	'1',	'2017-12-22 03:13:01',	67,	NULL,	NULL,	NULL,	NULL,	NULL),
(62,	'1',	3,	1,	'1',	'2017-12-22 03:23:47',	67,	NULL,	NULL,	NULL,	NULL,	NULL),
(63,	'0',	1,	3,	'1',	'2017-12-22 03:24:40',	68,	NULL,	NULL,	NULL,	NULL,	NULL),
(64,	'2',	3,	1,	'1',	'2017-12-22 03:31:21',	68,	NULL,	NULL,	NULL,	NULL,	NULL),
(67,	'5',	1,	3,	'1',	'2017-12-29 06:04:44',	NULL,	NULL,	NULL,	1,	NULL,	NULL),
(68,	'5',	1,	3,	'1',	'2017-12-29 06:08:44',	NULL,	NULL,	NULL,	2,	NULL,	NULL),
(69,	'5',	1,	3,	'1',	'2017-12-29 06:34:46',	NULL,	NULL,	NULL,	3,	NULL,	NULL),
(70,	'5',	1,	3,	'1',	'2017-12-29 06:35:26',	NULL,	NULL,	NULL,	4,	NULL,	NULL),
(71,	'5',	1,	3,	'1',	'2017-12-29 06:36:34',	NULL,	NULL,	NULL,	5,	NULL,	NULL),
(72,	'5',	1,	3,	'1',	'2017-12-29 06:37:04',	NULL,	NULL,	NULL,	6,	NULL,	NULL),
(73,	'9',	3,	1,	'1',	'2017-12-29 06:39:45',	NULL,	NULL,	NULL,	6,	26,	NULL),
(74,	'5',	1,	3,	'1',	'2017-12-29 06:45:06',	NULL,	NULL,	NULL,	7,	NULL,	NULL),
(75,	'9',	3,	1,	'1',	'2017-12-29 06:45:53',	NULL,	NULL,	NULL,	7,	27,	NULL),
(76,	'6',	1,	3,	'1',	'2017-12-29 06:46:53',	NULL,	NULL,	NULL,	8,	NULL,	NULL),
(77,	'8',	3,	1,	'1',	'2017-12-29 06:47:30',	NULL,	NULL,	NULL,	8,	28,	NULL),
(78,	'4',	1,	3,	'1',	'2017-12-29 06:53:25',	NULL,	1,	NULL,	NULL,	NULL,	NULL),
(79,	'4',	1,	22,	'1',	'2017-12-29 06:55:18',	NULL,	2,	NULL,	NULL,	NULL,	NULL),
(80,	'5',	1,	22,	'1',	'2017-12-29 21:42:07',	NULL,	NULL,	NULL,	9,	NULL,	NULL),
(81,	'5',	1,	22,	'1',	'2017-12-29 21:52:59',	NULL,	NULL,	NULL,	10,	NULL,	NULL),
(82,	'9',	22,	1,	'1',	'2017-12-29 21:54:05',	NULL,	NULL,	NULL,	10,	29,	NULL),
(83,	'9',	22,	1,	'1',	'2017-12-29 22:01:13',	NULL,	NULL,	NULL,	9,	30,	NULL),
(84,	'5',	1,	22,	'1',	'2017-12-29 22:12:48',	NULL,	NULL,	NULL,	11,	NULL,	NULL),
(85,	'5',	1,	22,	'1',	'2017-12-29 22:15:36',	NULL,	NULL,	NULL,	12,	NULL,	NULL),
(86,	'5',	1,	22,	'1',	'2017-12-29 22:16:00',	NULL,	NULL,	NULL,	13,	NULL,	NULL),
(87,	'9',	22,	1,	'1',	'2017-12-29 22:17:27',	NULL,	NULL,	NULL,	13,	31,	NULL),
(88,	'9',	22,	1,	'1',	'2017-12-29 22:18:10',	NULL,	NULL,	NULL,	12,	32,	NULL),
(89,	'6',	1,	22,	'1',	'2017-12-29 22:23:46',	NULL,	NULL,	NULL,	14,	NULL,	NULL),
(90,	'8',	22,	1,	'1',	'2017-12-29 22:24:23',	NULL,	NULL,	NULL,	14,	33,	NULL),
(91,	'7',	1,	NULL,	'1',	'2017-12-29 22:26:12',	NULL,	NULL,	1,	NULL,	NULL,	NULL),
(92,	'6',	1,	22,	'1',	'2017-12-29 22:28:24',	NULL,	NULL,	NULL,	15,	NULL,	NULL),
(93,	'8',	22,	1,	'1',	'2017-12-29 22:28:49',	NULL,	NULL,	NULL,	15,	34,	NULL),
(94,	'6',	1,	22,	'1',	'2017-12-29 22:29:21',	NULL,	NULL,	NULL,	16,	NULL,	NULL),
(95,	'7',	1,	NULL,	'1',	'2017-12-29 22:30:24',	NULL,	NULL,	3,	NULL,	NULL,	NULL),
(96,	'6',	1,	22,	'1',	'2017-12-29 22:38:01',	NULL,	NULL,	NULL,	17,	NULL,	NULL),
(97,	'8',	22,	1,	'1',	'2017-12-29 22:38:40',	NULL,	NULL,	NULL,	17,	35,	NULL),
(98,	'5',	1,	22,	'1',	'2017-12-29 22:39:55',	NULL,	NULL,	NULL,	18,	NULL,	NULL),
(99,	'9',	22,	1,	'1',	'2017-12-29 22:40:11',	NULL,	NULL,	NULL,	18,	36,	NULL),
(100,	'8',	22,	1,	'1',	'2017-12-29 22:40:21',	NULL,	NULL,	NULL,	16,	37,	NULL),
(101,	'4',	1,	22,	'1',	'2017-12-29 22:44:31',	NULL,	3,	NULL,	NULL,	NULL,	NULL),
(102,	'4',	1,	22,	'1',	'2017-12-29 22:46:40',	NULL,	4,	NULL,	NULL,	NULL,	NULL),
(103,	'4',	1,	6,	'1',	'2017-12-29 22:48:37',	NULL,	5,	NULL,	NULL,	NULL,	NULL),
(104,	'7',	1,	NULL,	'1',	'2017-12-29 23:08:15',	NULL,	NULL,	4,	NULL,	NULL,	NULL),
(105,	'7',	1,	NULL,	'1',	'2017-12-29 23:15:44',	NULL,	NULL,	5,	NULL,	NULL,	NULL),
(106,	'0',	1,	22,	'1',	'2017-12-29 23:38:11',	70,	NULL,	NULL,	NULL,	NULL,	NULL),
(107,	'5',	1,	22,	'1',	'2017-12-29 23:50:10',	NULL,	NULL,	NULL,	19,	NULL,	NULL),
(108,	'9',	22,	1,	'1',	'2017-12-29 23:50:39',	NULL,	NULL,	NULL,	19,	38,	NULL),
(109,	'5',	1,	22,	'1',	'2017-12-29 23:55:59',	NULL,	NULL,	NULL,	20,	NULL,	NULL),
(110,	'5',	1,	3,	'1',	'2017-12-30 01:02:47',	NULL,	NULL,	NULL,	21,	NULL,	NULL),
(111,	'5',	1,	3,	'1',	'2017-12-30 01:05:01',	NULL,	NULL,	NULL,	22,	NULL,	NULL),
(112,	'5',	1,	3,	'1',	'2017-12-30 01:05:21',	NULL,	NULL,	NULL,	23,	NULL,	NULL),
(113,	'5',	1,	3,	'1',	'2017-12-30 01:06:43',	NULL,	NULL,	NULL,	24,	NULL,	NULL),
(114,	'7',	1,	NULL,	'1',	'2017-12-30 01:23:50',	NULL,	NULL,	6,	NULL,	NULL,	NULL),
(115,	'7',	1,	NULL,	'1',	'2017-12-30 01:34:08',	NULL,	NULL,	7,	NULL,	NULL,	NULL),
(116,	'5',	1,	22,	'1',	'2017-12-30 02:44:07',	NULL,	NULL,	NULL,	25,	NULL,	NULL),
(117,	'5',	1,	3,	'1',	'2017-12-30 02:45:27',	NULL,	NULL,	NULL,	26,	NULL,	NULL),
(118,	'5',	1,	22,	'1',	'2017-12-30 02:52:56',	NULL,	NULL,	NULL,	27,	NULL,	NULL),
(119,	'4',	1,	22,	'1',	'2017-12-30 02:57:14',	NULL,	6,	NULL,	NULL,	NULL,	NULL),
(120,	'5',	1,	3,	'1',	'2017-12-30 02:57:33',	NULL,	NULL,	NULL,	28,	NULL,	NULL),
(121,	'4',	1,	22,	'1',	'2017-12-30 02:57:34',	NULL,	7,	NULL,	NULL,	NULL,	NULL),
(122,	'5',	1,	3,	'1',	'2017-12-30 02:58:32',	NULL,	NULL,	NULL,	29,	NULL,	NULL),
(123,	'5',	1,	3,	'1',	'2017-12-30 02:58:43',	NULL,	NULL,	NULL,	30,	NULL,	NULL),
(124,	'5',	1,	3,	'1',	'2017-12-30 02:58:53',	NULL,	NULL,	NULL,	31,	NULL,	NULL),
(125,	'4',	1,	6,	'1',	'2017-12-30 02:59:21',	NULL,	8,	NULL,	NULL,	NULL,	NULL),
(126,	'5',	1,	22,	'1',	'2017-12-30 03:01:06',	NULL,	NULL,	NULL,	32,	NULL,	NULL),
(127,	'5',	1,	22,	'1',	'2017-12-30 03:02:27',	NULL,	NULL,	NULL,	33,	NULL,	NULL),
(128,	'7',	1,	NULL,	'1',	'2017-12-30 03:24:31',	NULL,	NULL,	8,	NULL,	NULL,	NULL),
(129,	'7',	1,	NULL,	'1',	'2017-12-30 03:27:35',	NULL,	NULL,	9,	NULL,	NULL,	NULL),
(130,	'5',	1,	15,	'1',	'2017-12-30 14:55:19',	NULL,	NULL,	NULL,	34,	NULL,	NULL),
(131,	'5',	1,	15,	'1',	'2017-12-30 15:29:00',	NULL,	NULL,	NULL,	35,	NULL,	NULL),
(132,	'5',	1,	15,	'1',	'2018-01-01 22:40:12',	NULL,	NULL,	NULL,	36,	NULL,	NULL),
(133,	'6',	1,	15,	'1',	'2018-01-01 22:41:45',	NULL,	NULL,	NULL,	37,	NULL,	NULL),
(134,	'5',	1,	15,	'1',	'2018-01-02 00:39:16',	NULL,	NULL,	NULL,	38,	NULL,	NULL),
(135,	'5',	1,	15,	'1',	'2018-01-02 01:00:08',	NULL,	NULL,	NULL,	39,	NULL,	NULL),
(136,	'5',	1,	3,	'1',	'2018-01-03 06:21:09',	NULL,	NULL,	NULL,	40,	NULL,	NULL),
(137,	'9',	3,	1,	'1',	'2018-01-03 06:22:42',	NULL,	NULL,	NULL,	40,	39,	NULL),
(138,	'5',	1,	3,	'1',	'2018-01-03 06:23:11',	NULL,	NULL,	NULL,	41,	NULL,	NULL),
(139,	'9',	3,	1,	'1',	'2018-01-03 06:23:23',	NULL,	NULL,	NULL,	41,	40,	NULL),
(140,	'6',	1,	3,	'1',	'2018-01-03 06:23:48',	NULL,	NULL,	NULL,	42,	NULL,	NULL),
(141,	'8',	3,	1,	'1',	'2018-01-03 06:24:14',	NULL,	NULL,	NULL,	42,	41,	NULL),
(142,	'10',	1,	3,	'1',	'2018-01-03 07:02:30',	NULL,	NULL,	NULL,	NULL,	NULL,	1),
(144,	'12',	3,	1,	'1',	'2018-01-03 22:45:25',	NULL,	NULL,	NULL,	NULL,	NULL,	1),
(149,	'5',	1,	3,	'1',	'2018-01-04 04:03:03',	NULL,	NULL,	NULL,	43,	NULL,	NULL),
(150,	'5',	1,	22,	'1',	'2018-01-05 00:41:57',	NULL,	NULL,	NULL,	44,	NULL,	NULL),
(152,	'10',	1,	12,	'1',	'2018-01-05 00:51:21',	NULL,	NULL,	NULL,	NULL,	NULL,	7),
(155,	'10',	1,	22,	'1',	'2018-01-05 00:54:56',	NULL,	NULL,	NULL,	NULL,	NULL,	9),
(156,	'12',	22,	1,	'1',	'2018-01-05 00:55:34',	NULL,	NULL,	NULL,	NULL,	NULL,	9),
(159,	'9',	22,	1,	'1',	'2018-01-05 00:57:09',	NULL,	NULL,	NULL,	44,	42,	NULL),
(160,	'5',	1,	22,	'1',	'2018-01-05 00:57:45',	NULL,	NULL,	NULL,	45,	NULL,	NULL),
(161,	'9',	22,	1,	'1',	'2018-01-05 00:58:02',	NULL,	NULL,	NULL,	45,	43,	NULL),
(163,	'5',	1,	22,	'1',	'2018-01-05 01:02:13',	NULL,	NULL,	NULL,	46,	NULL,	NULL),
(164,	'5',	1,	22,	'1',	'2018-01-05 01:04:42',	NULL,	NULL,	NULL,	47,	NULL,	NULL),
(165,	'9',	22,	1,	'1',	'2018-01-05 01:05:04',	NULL,	NULL,	NULL,	46,	44,	NULL),
(166,	'9',	22,	1,	'1',	'2018-01-05 01:05:10',	NULL,	NULL,	NULL,	47,	45,	NULL),
(167,	'9',	22,	1,	'1',	'2018-01-05 01:05:21',	NULL,	NULL,	NULL,	33,	46,	NULL),
(168,	'9',	22,	1,	'1',	'2018-01-05 01:05:44',	NULL,	NULL,	NULL,	32,	47,	NULL),
(169,	'6',	1,	12,	'1',	'2018-01-05 01:06:39',	NULL,	NULL,	NULL,	48,	NULL,	NULL),
(170,	'13',	3,	1,	'1',	'2018-01-05 01:07:03',	NULL,	NULL,	NULL,	NULL,	NULL,	NULL),
(171,	'8',	12,	1,	'0',	'2018-01-05 01:07:04',	NULL,	NULL,	NULL,	48,	48,	NULL),
(172,	'5',	1,	12,	'1',	'2018-01-05 01:07:33',	NULL,	NULL,	NULL,	49,	NULL,	NULL),
(173,	'9',	12,	1,	'0',	'2018-01-05 01:07:56',	NULL,	NULL,	NULL,	49,	49,	NULL),
(174,	'13',	3,	1,	'1',	'2018-01-05 01:12:05',	NULL,	NULL,	NULL,	NULL,	NULL,	NULL),
(175,	'13',	3,	1,	'1',	'2018-01-05 01:14:00',	NULL,	NULL,	NULL,	NULL,	NULL,	NULL),
(176,	'13',	22,	1,	'1',	'2018-01-05 01:23:58',	NULL,	NULL,	NULL,	NULL,	NULL,	NULL),
(177,	'5',	1,	22,	'1',	'2018-01-05 01:33:23',	NULL,	NULL,	NULL,	50,	NULL,	NULL),
(178,	'9',	22,	1,	'1',	'2018-01-05 01:33:51',	NULL,	NULL,	NULL,	50,	50,	NULL),
(180,	'5',	1,	22,	'1',	'2018-01-05 01:35:12',	NULL,	NULL,	NULL,	51,	NULL,	NULL),
(181,	'5',	1,	3,	'1',	'2018-01-05 04:27:48',	NULL,	NULL,	NULL,	52,	NULL,	NULL),
(182,	'6',	1,	15,	'1',	'2018-01-05 12:57:06',	NULL,	NULL,	NULL,	53,	NULL,	NULL),
(185,	'5',	1,	15,	'1',	'2018-01-05 13:58:08',	NULL,	NULL,	NULL,	54,	NULL,	NULL),
(186,	'6',	1,	15,	'1',	'2018-01-05 13:59:14',	NULL,	NULL,	NULL,	55,	NULL,	NULL),
(187,	'0',	1,	15,	'1',	'2018-01-05 14:03:14',	72,	NULL,	NULL,	NULL,	NULL,	NULL),
(188,	'9',	15,	1,	'1',	'2018-01-05 14:17:24',	NULL,	NULL,	NULL,	54,	51,	NULL),
(189,	'10',	1,	15,	'1',	'2018-01-05 14:39:39',	NULL,	NULL,	NULL,	NULL,	NULL,	14),
(190,	'5',	1,	3,	'1',	'2018-01-05 23:14:41',	NULL,	NULL,	NULL,	56,	NULL,	NULL),
(191,	'6',	1,	3,	'1',	'2018-01-05 23:16:19',	NULL,	NULL,	NULL,	57,	NULL,	NULL),
(192,	'10',	1,	3,	'1',	'2018-01-05 23:16:57',	NULL,	NULL,	NULL,	NULL,	NULL,	15),
(193,	'0',	1,	3,	'1',	'2018-01-05 23:17:35',	73,	NULL,	NULL,	NULL,	NULL,	NULL),
(194,	'0',	1,	22,	'1',	'2018-01-06 00:15:13',	74,	NULL,	NULL,	NULL,	NULL,	NULL),
(195,	'10',	1,	22,	'1',	'2018-01-06 00:16:09',	NULL,	NULL,	NULL,	NULL,	NULL,	16),
(196,	'6',	1,	22,	'1',	'2018-01-06 00:19:43',	NULL,	NULL,	NULL,	58,	NULL,	NULL),
(197,	'6',	1,	22,	'1',	'2018-01-06 00:23:58',	NULL,	NULL,	NULL,	59,	NULL,	NULL),
(198,	'5',	1,	22,	'1',	'2018-01-06 00:25:22',	NULL,	NULL,	NULL,	60,	NULL,	NULL),
(199,	'0',	1,	24,	'1',	'2018-01-06 18:36:02',	76,	NULL,	NULL,	NULL,	NULL,	NULL),
(200,	'5',	1,	24,	'1',	'2018-01-06 20:12:50',	NULL,	NULL,	NULL,	61,	NULL,	NULL),
(201,	'13',	26,	1,	'1',	'2018-01-08 05:06:02',	NULL,	NULL,	NULL,	NULL,	NULL,	NULL),
(202,	'13',	26,	1,	'0',	'2018-01-08 05:26:06',	NULL,	NULL,	NULL,	NULL,	NULL,	NULL),
(203,	'13',	26,	1,	'0',	'2018-01-08 05:26:29',	NULL,	NULL,	NULL,	NULL,	NULL,	NULL),
(204,	'13',	26,	1,	'0',	'2018-01-08 05:26:50',	NULL,	NULL,	NULL,	NULL,	NULL,	NULL),
(205,	'6',	1,	15,	'1',	'2018-01-14 21:50:54',	NULL,	NULL,	NULL,	62,	NULL,	NULL),
(206,	'8',	15,	1,	'0',	'2018-01-14 21:51:28',	NULL,	NULL,	NULL,	62,	52,	NULL),
(207,	'5',	1,	15,	'1',	'2018-01-14 21:57:39',	NULL,	NULL,	NULL,	63,	NULL,	NULL),
(208,	'9',	15,	1,	'0',	'2018-01-14 21:58:14',	NULL,	NULL,	NULL,	63,	53,	NULL),
(209,	'6',	1,	15,	'1',	'2018-01-14 22:16:01',	NULL,	NULL,	NULL,	64,	NULL,	NULL),
(210,	'8',	15,	1,	'0',	'2018-01-14 22:16:34',	NULL,	NULL,	NULL,	64,	54,	NULL),
(211,	'3',	15,	1,	'0',	'2018-01-15 03:04:12',	NULL,	NULL,	NULL,	NULL,	NULL,	NULL);

DROP TABLE IF EXISTS `pages`;
CREATE TABLE `pages` (
  `page_id` int(11) NOT NULL AUTO_INCREMENT,
  `page_title` varchar(255) NOT NULL,
  `page_slug` varchar(255) NOT NULL,
  `page_option` enum('Header','Footer') NOT NULL,
  `page_content` text NOT NULL,
  `page_updated` timestamp NOT NULL DEFAULT CURRENT_TIMESTAMP ON UPDATE CURRENT_TIMESTAMP,
  `page_type` enum('0','1') NOT NULL DEFAULT '0' COMMENT '0=>pages,1=>transfer',
  PRIMARY KEY (`page_id`)
) ENGINE=MyISAM DEFAULT CHARSET=latin1;

INSERT INTO `pages` (`page_id`, `page_title`, `page_slug`, `page_option`, `page_content`, `page_updated`, `page_type`) VALUES
(2,	'Contact Us',	'Contact_Us',	'',	'<div class=\"staticheadBlock\">\r\n<div class=\"staticchildBlock\">\r\n<div class=\"container\">\r\n<div class=\"row\">\r\n<div class=\"staticTextBlock\">Contact Us<sub><b class=\"staticsubTextBlock\">&nbsp;We are ready to help you ...</b></sub></div>\r\n</div>\r\n</div>\r\n</div>\r\n</div>\r\n',	'2017-11-03 05:45:57',	'0'),
(10,	'FAQ',	'faq',	'Header',	'<div class=\"staticheadBlock\">\r\n    				<div class=\"staticchildBlock\">\r\n                    	<div class=\"container\">\r\n                        	<div class=\"row\">\r\n        							<div class=\"staticTextBlock\">\r\n    						Frequent Questions<sub><b class=\"staticsubTextBlock\">&nbsp;part of your questions<span class=\"fa fa-question\"></span>...</b></sub>\r\n       					 </div>	\r\n                         	</div>\r\n       				 	</div>\r\n                     </div>\r\n    \r\n   				 </div>',	'2017-11-03 05:50:48',	'0'),
(12,	'Security',	'Security',	'Header',	'<div class=\"staticheadBlock\">\r\n<div class=\"staticchildBlock\">\r\n<div class=\"container\">\r\n<div class=\"row\">\r\n<div class=\"staticTextBlock\">Security<sub><b class=\"staticsubTextBlock\">&nbsp;we provide you the best...</b></sub></div>\r\n</div>\r\n</div>\r\n</div>\r\n</div>\r\n\r\n<div class=\"contentBlock securityBox\">\r\n<div class=\"container\">\r\n<div class=\"makediv\" style=\"margin-top:130px;margin-bottom:80px;\">\r\n<div class=\"col-sm-7\">\r\n<div style=\"font-size:100px;border-radius:50px;width:100px;height:100px;background-color:#fcd116;margin:0 auto;\"><span class=\"fa fa-lock\"></span></div>\r\n\r\n<h1 class=\"text-center\">Our Trusted Security Services...</h1>\r\n\r\n<div class=\"text-center\" style=\"font-size:14px; color:#333;padding:0 0 10px 0;\">Lorem Ipsum is simply dummy text of the printing and typesetting industry.It is a long established fact that a reader will be distracted by the readable content of a page when looking at its layout.</div>\r\n</div>\r\n\r\n<div class=\"col-sm-5\">\r\n<div class=\"strate_box_top_panel\">\r\n<div class=\"strate_box_top_head\">our way &ndash;</div>\r\n\r\n<div class=\"strate_box_top_sub_head\">Strategies of Work</div>\r\n\r\n<div class=\"strate_box_top_sub_text\">Economic services provided by the finance industry, which encompasses a broad range of businesses that manage money, including credit unions.</div>\r\n</div>\r\n</div>\r\n</div>\r\n\r\n<div class=\"bottom_border\"></div>\r\n\r\n<div class=\"makediv\" style=\"margin-top:130px;\">\r\n<div class=\"col-sm-5\">\r\n<div class=\"strate_box_top_panel\">\r\n<div class=\"strate_box_top_head\">our work &ndash;</div>\r\n\r\n<div class=\"strate_box_top_sub_head\">How It Work</div>\r\n\r\n<div class=\"strate_box_top_sub_text\">It is a long established fact that a reader will be distracted by the readable content of a page when looking at its layout.</div>\r\n</div>\r\n</div>\r\n\r\n<div class=\"col-sm-7\">\r\n<div style=\"font-size:100px;border-radius:50px;width:100px;height:100px;background-color:#fcd116;margin: 0 auto;\"><span class=\"fa fa-user\"></span></div>\r\n\r\n<h1 class=\"text-center\">Our Management...</h1>\r\n\r\n<div class=\"text-center\" style=\"font-size:14px; color:#333;padding:0 0 10px 0;\">Lorem Ipsum is simply dummy text of the printing and typesetting industry.It is a long established fact that a reader will be distracted by the readable content of a page when looking at its layout.</div>\r\n</div>\r\n\r\n<div class=\"clearfix\"></div>\r\n\r\n<div class=\"clearfix\"></div>\r\n\r\n<div class=\"clearfix\"></div>\r\n</div>\r\n\r\n<div class=\"makediv\" style=\"margin-top:50px;margin-bottom:30px;\"></div>\r\n\r\n<div class=\"bottom_border\"></div>\r\n\r\n<div style=\"margin-top:40px;\">\r\n<h1 class=\"text-center\">Why do we use it?</h1>\r\n</div>\r\n\r\n<div class=\"overview_intro\">It is a long established fact that a reader will be distracted by the readable content of a page when looking at its layout. The point of using Lorem Ipsum is that it has a more-or-less normal distribution of letters, as opposed to using &#39;Content here, content here&#39;, making it look like readable English. Many desktop publishing packages and web page editors now use Lorem Ipsum as their default model text, and a search for &#39;lorem ipsum&#39; will uncover many web sites still in their infancy. Various versions have evolved over the years, sometimes by accident, sometimes on purpose (injected humour and the like).</div>\r\n</div>\r\n\r\n<div class=\"makediv overview_box\">\r\n<div class=\"strate_box_top\">\r\n<div class=\"strate_box_top_inner\">\r\n<div class=\"strate_box_top_panel\" style=\"background: rgba(252, 209, 22, 0.57);\">\r\n<div class=\"text-center\" style=\"margin-bottom:30px;\"><img src=\"{img_url}/regal.png\" /></div>\r\n\r\n<div class=\"strate_box_top_head\">our main goal &ndash;</div>\r\n\r\n<div class=\"strate_box_top_sub_head\">Protect your work</div>\r\n\r\n<div class=\"strate_box_top_sub_text\">It is a long established fact that a reader will be distracted by the readable content of a page when looking at its layout.</div>\r\n</div>\r\n</div>\r\n</div>\r\n</div>\r\n</div>\r\n',	'2017-12-02 16:53:16',	'0'),
(13,	'Services',	'Services',	'Header',	'<div class=\"staticheadBlock\">\r\n<div class=\"staticchildBlock\">\r\n<div class=\"container\">\r\n<div class=\"row\">\r\n<div class=\"staticTextBlock\">Services<sub><b class=\"staticsubTextBlock\">&nbsp;we provide you the best, uncontested.</b></sub></div>\r\n</div>\r\n</div>\r\n</div>\r\n</div>\r\n\r\n<div class=\"contentBlock securityBox\">\r\n<div class=\"container\">\r\n<div class=\"makediv\" style=\"margin-top:130px;margin-bottom:80px;\">\r\n<div class=\"col-sm-3\">\r\n<div style=\"font-size:100px;border-radius:50%;width:150px;height:150px;background-color:#fcd116;margin:0 auto;text-align:center;\"><span class=\"fa fa-tasks\" style=\"display: flex;justify-content: center; align-items: center; width: 100%;height: 100%;\"></span></div>\r\n\r\n<h1 class=\"text-center\">Planning</h1>\r\n\r\n<div class=\"text-center\" style=\"font-size:14px; color:#333;padding:0 0 10px 0;\">Lorem Ipsum is simply dummy text of the printing and typesetting industry.It is a long established fact that a reader will be distracted by the readable content of a page when looking at its layout.</div>\r\n</div>\r\n\r\n<div class=\"col-sm-3\">\r\n<div style=\"font-size:100px;border-radius:50%;width:150px;height:150px;background-color:#fcd116;margin:0 auto;text-align:center;\"><span class=\"fa fa-cogs\" style=\"display: flex;justify-content: center; align-items: center; width: 100%;height: 100%;\"></span></div>\r\n\r\n<h1 class=\"text-center\">Process</h1>\r\n\r\n<div class=\"text-center\" style=\"font-size:14px; color:#333;padding:0 0 10px 0;\">Lorem Ipsum is simply dummy text of the printing and typesetting industry.It is a long established fact that a reader will be distracted by the readable content of a page when looking at its layout.</div>\r\n</div>\r\n\r\n<div class=\"col-sm-3\">\r\n<div style=\"font-size:100px;border-radius:50%;width:150px;height:150px;background-color:#fcd116;margin:0 auto;text-align:center;\"><span class=\"fa fa-user\" style=\"display: flex;justify-content: center; align-items: center; width: 100%;height: 100%;\"></span></div>\r\n\r\n<h1 class=\"text-center\">Experts</h1>\r\n\r\n<div class=\"text-center\" style=\"font-size:14px; color:#333;padding:0 0 10px 0;\">Lorem Ipsum is simply dummy text of the printing and typesetting industry.It is a long established fact that a reader will be distracted by the readable content of a page when looking at its layout.</div>\r\n</div>\r\n\r\n<div class=\"col-sm-3\">\r\n<div style=\"font-size:100px;border-radius:50%;width:150px;height:150px;background-color:#fcd116;margin:0 auto;text-align:center;\"><span class=\"fa fa-star\" style=\"display: flex;justify-content: center; align-items: center; width: 100%;height: 100%;\"></span></div>\r\n\r\n<h1 class=\"text-center\">Trust</h1>\r\n\r\n<div class=\"text-center\" style=\"font-size:14px; color:#333;padding:0 0 10px 0;\">Lorem Ipsum is simply dummy text of the printing and typesetting industry.It is a long established fact that a reader will be distracted by the readable content of a page when looking at its layout.</div>\r\n</div>\r\n\r\n<div class=\"clearfix\"></div>\r\n\r\n<div class=\"clearfix\"></div>\r\n\r\n<div class=\"clearfix\"></div>\r\n\r\n<div class=\"col-sm-8 col-md-6\" style=\"margin: 0 auto;float: none;\">\r\n<div class=\"strate_box_top_panel\">\r\n<div class=\"strate_box_top_head\">our way &ndash;</div>\r\n\r\n<div class=\"strate_box_top_sub_head\">Strategies of Work</div>\r\n\r\n<div class=\"strate_box_top_sub_text\">Economic services provided by the finance industry, which encompasses a broad range of businesses that manage money, including credit unions.</div>\r\n</div>\r\n</div>\r\n</div>\r\n\r\n<div class=\"bottom_border\"></div>\r\n\r\n<div class=\"makediv\" style=\"margin-top:30px;margin-bottom:30px;\">\r\n<div><a class=\"support_about\" style=\"margin:0 auto;\">Sign Up</a></div>\r\n</div>\r\n\r\n<div class=\"bottom_border\"></div>\r\n\r\n<div style=\"margin-top:40px;\">\r\n<h1 class=\"text-center\">Our Process</h1>\r\n</div>\r\n\r\n<div class=\"overview_intro\">It is a long established fact that a reader will be distracted by the readable content of a page when looking at its layout. The point of using Lorem Ipsum is that it has a more-or-less normal distribution of letters, as opposed to using &#39;Content here, content here&#39;, making it look like readable English. Many desktop publishing packages and web page editors now use Lorem Ipsum as their default model text, and a search for &#39;lorem ipsum&#39; will uncover many web sites still in their infancy. Various versions have evolved over the years, sometimes by accident, sometimes on purpose (injected humour and the like).</div>\r\n</div>\r\n\r\n<div class=\"makediv overview_box\">\r\n<div class=\"strate_box_top\">\r\n<div class=\"strate_box_top_inner\">\r\n<div class=\"strate_box_top_panel\" style=\"background: rgba(252, 209, 22, 0.57);\">\r\n<div class=\"text-center\" style=\"margin-bottom:30px;\"><img src=\"{img_url}/regal.png\" /></div>\r\n\r\n<div class=\"strate_box_top_head\">our main goal &ndash;</div>\r\n\r\n<div class=\"strate_box_top_sub_head\">Protect your work</div>\r\n\r\n<div class=\"strate_box_top_sub_text\">It is a long established fact that a reader will be distracted by the readable content of a page when looking at its layout.</div>\r\n</div>\r\n</div>\r\n</div>\r\n</div>\r\n</div>\r\n\r\n<div class=\"staticheadBlock\">\r\n<div class=\"staticchildBlock\">\r\n<div class=\"container\">\r\n<div class=\"row text-center\">\r\n<div class=\"staticTextBlock\">SERVICES<sub><b class=\"staticsubTextBlock\">&nbsp;designed to&nbsp;maximize your prosperity...</b></sub></div>\r\n</div>\r\n</div>\r\n</div>\r\n</div>\r\n',	'2017-12-02 16:54:00',	'0'),
(8,	'Terms',	'Terms',	'',	'<div class=\"staticheadBlock\">\r\n<div class=\"staticchildBlock\">\r\n<div class=\"container\">\r\n<div class=\"row\">\r\n<div class=\"staticTextBlock\">Terms &amp; Policies<sub><b class=\"staticsubTextBlock\">&nbsp;Last Updated On: &nbsp; {last_updated}...</b></sub></div>\r\n</div>\r\n</div>\r\n</div>\r\n</div>\r\n\r\n<div class=\"container-fluid\" style=\"clear:both; margin-bottom:41px;\">\r\n<div class=\"container\" style=\"padding:0;\">\r\n<div class=\"makediv\" style=\"margin-top:30px;\">\r\n<div class=\"clearfix\" style=\"margin-bottom:30px;\">\r\n<div class=\"col-md-12\">\r\n<h3 style=\"color:#283742;line-height: 1.8;font-size: 16px;font-weight:bold;margin-bottom:0;\">Objective and Scope of Policy?</h3>\r\n</div>\r\n\r\n<div class=\"col-md-12\" style=\"color:#283742;line-height: 1.8;font-size: 16px;font-weight:300;\">\r\n<p style=\"margin:0;\">Lorem Ipsum is simply dummy text of the printing and typesetting industry. Lorem Ipsum has been the industry&#39;s standard dummy text ever since the 1500s, when an unknown printer took a galley of type and scrambled it to make a type specimen book. printer took a galley of type and scrambled it to make a type specimen book.It is a long established fact that a reader will be distracted by the readable content of a page when looking at its layout. The point of using Lorem Ipsum is that it has a more-or-less normal distribution of letters, as opposed to using &#39;Content here, content here&#39;, .</p>\r\n</div>\r\n\r\n<div style=\"width:30%;border: solid 1px #fcd116;margin:0 auto;margin-top: 30px;\"></div>\r\n</div>\r\n\r\n<div class=\"clearfix\" style=\"margin-bottom:30px;\">\r\n<div class=\"col-md-12\">\r\n<h3 style=\"color:#283742;line-height: 1.8;font-size: 16px;font-weight:bold;margin-bottom:0;\">Our Policy?</h3>\r\n</div>\r\n\r\n<div class=\"col-md-12\" style=\"color:#283742;line-height: 1.8;font-size: 16px;font-weight:300;\">\r\n<p style=\"margin:0;\">Lorem Ipsum is simply dummy text of the printing and typesetting industry. Lorem Ipsum has been the industry&#39;s standard dummy text ever since the 1500s, when an unknown printer took a galley of type and scrambled it to make a type specimen book. printer took a galley of type and scrambled it to make a type specimen book.It is a long established fact that a reader will be distracted by the readable content of a page when looking at its layout. The point of using Lorem Ipsum is that it has a more-or-less normal distribution of letters, as opposed to using &#39;Content here, content here&#39;, .</p>\r\n</div>\r\n\r\n<div style=\"width:30%;border: solid 1px #fcd116;margin:0 auto;margin-top: 30px;\"></div>\r\n</div>\r\n\r\n<div class=\"clearfix\" style=\"margin-bottom:30px;\">\r\n<div class=\"col-md-12\">\r\n<h3 style=\"color:#283742;line-height: 1.8;font-size: 16px;font-weight:bold;margin-bottom:0;\">Collection of Information</h3>\r\n</div>\r\n\r\n<div class=\"col-md-12\" style=\"color:#283742;line-height: 1.8;font-size: 16px;font-weight:300;\">\r\n<p style=\"margin:0;\">Lorem Ipsum is simply dummy text of the printing and typesetting industry. Lorem Ipsum has been the industry&#39;s standard dummy text ever since the 1500s, when an unknown printer took a galley of type and scrambled it to make a type specimen book. printer took a galley of type and scrambled it to make a type specimen book.It is a long established fact that a reader will be distracted by the readable content of a page when looking at its layout. The point of using Lorem Ipsum is that it has a more-or-less normal distribution of letters, as opposed to using &#39;Content here, content here&#39;, .</p>\r\n</div>\r\n\r\n<div style=\"width:30%;border: solid 1px #fcd116;margin:0 auto;margin-top: 30px;\"></div>\r\n</div>\r\n\r\n<div class=\"clearfix\" style=\"margin-bottom:30px;\">\r\n<div class=\"col-md-12\">\r\n<h3 style=\"color:#283742;line-height: 1.8;font-size: 16px;font-weight:bold;margin-bottom:0;\">Our Commitment</h3>\r\n</div>\r\n\r\n<div class=\"col-md-12\" style=\"color:#283742;line-height: 1.8;font-size: 16px;font-weight:300;\">\r\n<p style=\"margin:0;\">Lorem Ipsum is simply dummy text of the printing and typesetting industry. Lorem Ipsum has been the industry&#39;s standard dummy text ever since the 1500s, when an unknown printer took a galley of type and scrambled it to make a type specimen book. printer took a galley of type and scrambled it to make a type specimen book.It is a long established fact that a reader will be distracted by the readable content of a page when looking at its layout. The point of using Lorem Ipsum is that it has a more-or-less normal distribution of letters, as opposed to using &#39;Content here, content here&#39;, .</p>\r\n</div>\r\n\r\n<div style=\"width:30%;border: solid 1px #fcd116;margin:0 auto;margin-top: 30px;\"></div>\r\n</div>\r\n</div>\r\n</div>\r\n</div>\r\n',	'2017-11-04 02:06:29',	'0'),
(3,	'Overview',	'Overview',	'Header',	'<div class=\"staticheadBlock\">\r\n<div class=\"staticchildBlock\">\r\n<div class=\"container\">\r\n<div class=\"row\">\r\n<div class=\"staticTextBlock\">Overview<sub><b class=\"staticsubTextBlock\">&nbsp;about our way...</b></sub></div>\r\n</div>\r\n</div>\r\n</div>\r\n</div>\r\n\r\n<div class=\"contentBlock\">\r\n<div class=\"container\">\r\n<div>\r\n<h1 class=\"text-center\">The Regal Way</h1>\r\n</div>\r\n\r\n<div class=\"overview_intro\">Regal Investments takes a humane approach to investing. It is our belief that in a&nbsp;</div>\r\n\r\n<div class=\"bottom_border\"></div>\r\n\r\n<div>\r\n<h1 class=\"text-center\">vs. The Other Way</h1>\r\n</div>\r\n\r\n<div class=\"overview_intro\">It is a long established fact that a reader will be distracted by the readable content of a page when looking at its layout. The point of using Lorem Ipsum is that it has a more-or-less normal distribution of letters, as opposed to using &#39;Content here, content here&#39;, making it look like readable English. Many desktop publishing packages and web page editors now use Lorem Ipsum as their default model text, and a search for &#39;lorem ipsum&#39; will uncover many web sites still in their infancy. Various versions have evolved over the years, sometimes by accident, sometimes on purpose (injected humour and the like).</div>\r\n</div>\r\n\r\n<div class=\"makediv overview_box\">\r\n<div class=\"strate_box_top\">\r\n<div class=\"strate_box_top_inner\">\r\n<div class=\"strate_box_top_panel\">\r\n<div class=\"strate_box_top_head\">our main goal &ndash;</div>\r\n\r\n<div class=\"strate_box_top_sub_head\">Strategies That Work</div>\r\n\r\n<div class=\"strate_box_top_sub_text\">Economic services provided by the finance industry, which encompasses a broad range of businesses that manage money, including credit unions.</div>\r\n</div>\r\n</div>\r\n</div>\r\n</div>\r\n\r\n<div class=\"container\">\r\n<div>\r\n<h1 class=\"text-center\">vs. The Other Way</h1>\r\n</div>\r\n\r\n<div class=\"overview_intro\">Lorem Ipsum is simply dummy text of the printing and typesetting industry. Lorem Ipsum has been the industry&#39;s standard dummy text ever since the 1500s, when an unknown printer took a galley of type and scrambled it to make a type specimen book. It has survived not only five centuries, but also the leap into electronic typesetting, remaining essentially unchanged. It was popularised in the 1960s with the release of Letraset sheets containing Lorem Ipsum passages, and more recently with desktop publishing software like Aldus PageMaker including versions of Lorem Ipsum.</div>\r\n\r\n<div class=\"bottom_border\"></div>\r\n\r\n<div>\r\n<h1 class=\"text-center\">Why do we use it?</h1>\r\n</div>\r\n\r\n<div class=\"overview_intro\">It is a long established fact that a reader will be distracted by the readable content of a page when looking at its layout. The point of using Lorem Ipsum is that it has a more-or-less normal distribution of letters, as opposed to using &#39;Content here, content here&#39;, making it look like readable English. Many desktop publishing packages and web page editors now use Lorem Ipsum as their default model text, and a search for &#39;lorem ipsum&#39; will uncover many web sites still in their infancy. Various versions have evolved over the years, sometimes by accident, sometimes on purpose (injected humour and the like).</div>\r\n\r\n<div class=\"clearfix\"></div>\r\n\r\n<div class=\"clearfix\"></div>\r\n\r\n<div class=\"clearfix service_text_boxAbout\" style=\"margin-top:30px;\"><a class=\"support_about\" href=\"http://techdemolink.co.in/regalinvestments/our-mission\" style=\"margin:0 auto;\">More About us</a></div>\r\n\r\n<div class=\"bottom_border\"></div>\r\n</div>\r\n\r\n<section class=\"overview-bottom text-center\">\r\n<div class=\"site-width\">\r\n<blockquote>&ldquo;Lorem Ipsum is simply dummy text of the printing and typesetting industry. Lorem Ipsum has been the industry&#39;s standard dummy text ever since the 1500s, when an unknown printer took a galley.&rdquo;</blockquote>\r\n<cite class=\"font-medium\"><strong>Celbs White</strong>, Founder</cite></div>\r\n</section>\r\n</div>\r\n',	'2017-12-28 15:03:28',	'0'),
(11,	'Mission',	'Mission',	'Header',	'<div class=\"staticheadBlock\">\r\n<div class=\"staticchildBlock\">\r\n<div class=\"container\">\r\n<div class=\"row\">\r\n<div class=\"staticTextBlock\">Our Mission<sub><b class=\"staticsubTextBlock\">&nbsp;one word: prosperity.</b></sub></div>\r\n</div>\r\n</div>\r\n</div>\r\n</div>\r\n\r\n<div class=\"container marg-md-b140 marg-lg-b100 marg-sm-b100 marg-xs-b70 no-padd\">\r\n<div class=\"makediv\">\r\n<div class=\"mission-about-us-wrapper clearfix\" style=\"margin-top:60px;\">\r\n<div class=\"col-md-6 col-sm-12 mission-about-us-images\"><img alt=\"\" class=\"img-responsive\" src=\"{img_url}/static/commitment.png\" /> <img alt=\"\" class=\"img-responsive\" src=\"{img_url}/static/mission_part.jpg\" /></div>\r\n\r\n<div class=\"col-md-6  col-sm-12 mission-about-us no-padd\">\r\n<section class=\"mission-heading mission-heading-yellow t-center\">\r\n<div class=\"mission-subtitle\">\r\n<p>Mission</p>\r\n</div>\r\n\r\n<h2><span>The bigger picture.</span></h2>\r\n\r\n<div class=\"mission-heading-content grey-text\">\r\n<p>Lorem Ipsum is simply dummy text of the printing and typesetting industry. Lorem Ipsum has been the industry&#39;s standard dummy text ever since the 1500s</p>\r\n</div>\r\n</section>\r\n\r\n<div class=\"mission-about-us-text\">\r\n<p>Lorem Ipsum is simply dummy text of the printing and typesetting industry. Lorem Ipsum has been the industry&#39;s standard dummy text ever since the 1500sLorem Ipsum is simply dummy text of the printing and typesetting industry. Lorem Ipsum has been the industry&#39;s standard dummy text ever since the 1500sLorem Ipsum is simply dummy text of the printing and typesetting industry. Lorem Ipsum has been the industry&#39;s standard dummy text ever since the 1500s</p>\r\n</div>\r\n\r\n<div class=\"clearfix service_text_boxAbout\"><a class=\"support_about\" href=\"http://techdemolink.co.in/regalinvestments/overview\" style=\"margin:20px auto 0;\">More About us</a></div>\r\n\r\n<div style=\"width:30%;border: solid 1px #fcd116;margin:0 auto;margin-top: 30px;\"></div>\r\n</div>\r\n</div>\r\n</div>\r\n\r\n<div class=\"makediv\">\r\n<div class=\"mission-about-us-wrapper clearfix\">\r\n<div class=\"col-md-6 col-sm-12 mission-about-us no-padd\">\r\n<section class=\"mission-heading mission-heading-yellow t-center\">\r\n<div class=\"mission-subtitle\">\r\n<p>24 * 7</p>\r\n</div>\r\n\r\n<h2><span>Support</span></h2>\r\n\r\n<div class=\"mission-heading-content grey-text\">\r\n<p>Lorem Ipsum is simply dummy text of the printing and typesetting industry. Lorem Ipsum has been the industry&#39;s standard dummy text ever since the 1500s</p>\r\n</div>\r\n</section>\r\n\r\n<div class=\"mission-about-us-text\">\r\n<p>Lorem Ipsum is simply dummy text of the printing and typesetting industry. Lorem Ipsum has been the industry&#39;s standard dummy text ever since the 1500sLorem Ipsum is simply dummy text of the printing and typesetting industry. Lorem Ipsum has been the industry&#39;s standard dummy text ever since the 1500sLorem Ipsum is simply dummy text of the printing and typesetting industry. Lorem Ipsum has been the industry&#39;s standard dummy text ever since the 1500s</p>\r\n</div>\r\n\r\n<div class=\"clearfix service_text_boxAbout\"><a class=\"support_about\" href=\"http://techdemolink.co.in/regalinvestments/contact\" style=\"margin:20px auto 0;\">Contact Us</a></div>\r\n\r\n<div style=\"width:30%;border: solid 1px #fcd116;margin:0 auto;margin-top: 30px;\"></div>\r\n</div>\r\n\r\n<div class=\"col-md-6 col-sm-12   mission-about-us-images\"><img alt=\"\" class=\"img-responsive\" src=\"{img_url}/static/mission_part3.jpeg\" /> <img alt=\"\" class=\"img-responsive\" src=\"{img_url}/static/mission_part4.jpg\" /></div>\r\n</div>\r\n</div>\r\n</div>\r\n\r\n<div class=\"text-center\"><img src=\"{img_url}/regal_y.png\" /></div>\r\n\r\n<div style=\"width:30%;border: solid 1px #fcd116;margin:0 auto;margin-bottom: 30px;\"></div>\r\n\r\n<div>\r\n<h1 class=\"text-center\">Why do we use it?</h1>\r\n</div>\r\n\r\n<div style=\"max-width:700px;margin:0 auto;color:#283742;line-height: 1.8;font-size: 16px;font-weight:300;margin-bottom:140px;padding:0 20px;\">It is a long established fact that a reader will be distracted by the readable content of a page when looking at its layout. The point of using Lorem Ipsum is that it has a more-or-less normal distribution of letters, as opposed to using &#39;Content here, content here&#39;, making it look like readable English. Many desktop publishing packages and web page editors now use Lorem Ipsum as their default model text, and a search for &#39;lorem ipsum&#39; will uncover many web sites still in their infancy. Various versions have evolved over the years, sometimes by accident, sometimes on purpose (injected humour and the like).</div>\r\n',	'2017-11-27 22:20:09',	'0'),
(9,	'Home',	'Home',	'Header',	'<div class=\"business_block\">\r\n<div class=\"business_block_head\">\r\n<div class=\"business_block_head_text\">\r\n<div class=\"head-one\">TOGETHER WE CAN PROSPER</div>\r\n\r\n<div class=\"head-two\">LETS TALK WEALTH</div>\r\n\r\n<div class=\"clearfix\"><a class=\"head_join_btn\" href=\"http://techdemolink.co.in/regalinvestments/register\">Join Now</a></div>\r\n</div>\r\n</div>\r\n</div>\r\n\r\n<div class=\"container support_company_box\">\r\n<div class=\"col-lg-6 col-sm-7\">\r\n<div class=\"support_head\">The Prosperity Plan</div>\r\n\r\n<div class=\"service_text_box\">\r\n<div class=\"service_text\">Investment services tailor made for each&nbsp;client to maximize and ensure their prosperity.&nbsp;Implementing a broad range of proven&nbsp;investment&nbsp;strategies that modernity permits, our goal is to ensure maximum profit for our clients.</div>\r\n</div>\r\n\r\n<div class=\"clearfix service_text_boxAbout\"><a class=\"support_about\" href=\"http://techdemolink.co.in/regalinvestments/overview\">More About us</a></div>\r\n</div>\r\n\r\n<div class=\"col-lg-6 col-sm-5\">\r\n<div id=\"div_business_support_video\"></div>\r\n</div>\r\n</div>\r\n\r\n<div class=\"clearfix\"></div>\r\n\r\n<div class=\"makediv\" style=\"background-color: #f1f1f1;\">\r\n<div class=\"container\">\r\n<div class=\"row\">\r\n<div class=\"col-lg-4 col-md-4 col-sm-12 col-xs-12\">\r\n<div class=\"row stats_block\">\r\n<div class=\"stats_block_top\">\r\n<div class=\"stats_block_inner\">\r\n<div class=\"stats_block_box_first\">\r\n<div class=\"stats_content\">01</div>\r\n\r\n<div class=\"stats_content_head\">The Come Up</div>\r\n</div>\r\n\r\n<div class=\"block_text_first\">The first step in the prosperity plan. During the Come Up, your money is invested in high returning securities called&nbsp;</div>\r\n\r\n<div id=\"div_business_strategy_video\"></div>\r\n</div>\r\n</div>\r\n</div>\r\n</div>\r\n\r\n<div class=\"col-lg-4 col-md-4 col-sm-12 col-xs-12\">\r\n<div class=\"row stats_block stats_middle_block\">\r\n<div class=\"stats_block_top\">\r\n<div class=\"stats_block_inner\">\r\n<div class=\"stats_block_box\">\r\n<div class=\"stats_content\">02</div>\r\n\r\n<div class=\"stats_content_head\">Foundation&nbsp;</div>\r\n</div>\r\n\r\n<div class=\"block_text\">Competence, Reliability, Honesty, Integrity &ndash; these definitions characterize our employees in the best way.</div>\r\n\r\n<div id=\"div_company_professional_video\"></div>\r\n</div>\r\n</div>\r\n</div>\r\n</div>\r\n\r\n<div class=\"col-lg-4 col-md-4 col-sm-12 col-xs-12\">\r\n<div class=\"row stats_block\">\r\n<div class=\"stats_block_top\">\r\n<div class=\"stats_block_inner\">\r\n<div class=\"stats_block_box_last\">\r\n<div class=\"stats_content\">03</div>\r\n\r\n<div class=\"stats_content_head\">We Love Our<br />\r\nClients</div>\r\n</div>\r\n\r\n<div class=\"block_text_last\">Success of any organization depends on customers. That is why the first rule of our business is to retain clients and build a loyal relationship with them.</div>\r\n\r\n<div id=\"div_client_video_video\"></div>\r\n</div>\r\n</div>\r\n</div>\r\n</div>\r\n</div>\r\n</div>\r\n</div>\r\n\r\n<div class=\"makediv strate_box\">\r\n<div class=\"strate_box_top\">\r\n<div class=\"strate_box_top_inner\">\r\n<div class=\"strate_box_top_panel\">\r\n<div class=\"strate_box_top_head\">our belief &ndash;</div>\r\n\r\n<div class=\"strate_box_top_sub_head\">Prosperity As A Human Right</div>\r\n\r\n<div class=\"strate_box_top_sub_text\">Economic services provided by the finance industry, which encompasses a broad range of businesses that manage money, including credit unions.</div>\r\n\r\n<div><a class=\"find_out_btn\" href=\"http://techdemolink.co.in/regalinvestments/services\">Find out more</a></div>\r\n</div>\r\n</div>\r\n</div>\r\n</div>\r\n\r\n<div class=\"makediv one-edge-shadow\">\r\n<div class=\"col-lg-5 col-sm-6 \" style=\"padding:0\">\r\n<div class=\"investment_block_left\">\r\n<div class=\"investment_block_container\">\r\n<div class=\"investment_block_box\">\r\n<div class=\"investment_block_comt_head\">our commitment</div>\r\n\r\n<div class=\"investment_block_comt_sub_head\">The new way means we work for you.</div>\r\n\r\n<div class=\"investment_block_comt_full_text\">Lorem Ipsum is simply dummy text of the printing and typesetting industry. Lorem Ipsum has been the industry&#39;s standard dummy text ever since the 1500s.</div>\r\n\r\n<div class=\"investment_out_btn_outer\"><a class=\"investment_out_btn\" href=\"http://techdemolink.co.in/regalinvestments/register\">Start your investment plan</a></div>\r\n</div>\r\n</div>\r\n</div>\r\n</div>\r\n\r\n<div class=\"col-lg-7 col-sm-6\">\r\n<div class=\"row investment_block\"></div>\r\n</div>\r\n</div>\r\n',	'2018-01-14 21:45:12',	'0'),
(15,	'Footer',	'Footer',	'',	'<div><span style=\"font-size:14px;\"><span style=\"color:#fcd116;\"><strong>Regal Investments</strong></span></span><br />\r\n<span style=\"font-size:12px;\"><span style=\"color:#8a8a8a;\">Regal Investments &reg;, RegalInvestments.com &reg;, RegalInvestments.ca &reg;, Regal Prosperity &reg;, and RI Trader MasterBoard are service marks and/or trademarks of Regal Holdings Canada, Inc. Supporting documentation for any claims and statistical information will be provided upon request. Unless otherwise specified, all&nbsp;graphs displayed are for illustrative purposes only and are not intended to portray recommendations. figures shown above are explicitly speculative, and are not actual returns. Actual returns may vary greatly and depend on personal and market circumstances.<br />\r\n<br />\r\nThe risk of loss in online trading of stocks, options, futures, forex, foreign equities, and bonds can be substantial.</span></span></div>\r\n\r\n<div><span style=\"font-size:14px;\"><span style=\"color:#fcd116;\"><br />\r\n<strong>Regal Investments</strong></span></span><br />\r\n<span style=\"font-size:12px;\"><span style=\"color:#8a8a8a;\">Investments: Investments are not insured.&nbsp;May Lose Value. Investing in securities involves risks, and there is always the potential of losing money when you invest in securities. Before investing, consider your investment objectives and Regal Investments&#39; pricing.</span></span></div>\r\n',	'2017-12-28 14:47:31',	'0'),
(14,	'Blessings',	'Blessings',	'Header',	'<div class=\"staticheadBlock\">\r\n    				<div class=\"staticchildBlock\">\r\n                    	<div class=\"container\">\r\n                        	<div class=\"row\">\r\n        							<div class=\"staticTextBlock\">\r\n    						Blessings<sub><b class=\"staticsubTextBlock\">&nbsp;It is a long established fact that a reader will be distracted....</b></sub>\r\n       					 </div>	\r\n                         	</div>\r\n       				 	</div>\r\n                     </div>\r\n    \r\n   				 </div>\r\n                 <div style=\"margin-top:40px;margin-bottom:40px;\">\r\n                 <div class=\"container\">\r\n						<h1 class=\"text-center\">Blessings</h1>\r\n				\r\n                <div class=\"overview_intro\">It is a long established fact that a reader will be distracted by the readable content of a page when looking at its layout. The point of using Lorem Ipsum is that it has a more-or-less normal distribution of letters, as opposed to using \'Content here, content here\', making it look like readable English. Many desktop publishing packages and web page editors now use Lorem Ipsum as their default model text, and a search for \'lorem ipsum\' will uncover many web sites still in their infancy. Various versions have evolved over the years, sometimes by accident, sometimes on purpose (injected humour and the like).</div>\r\n                \r\n                <div class=\"overview_intro\">It is a long established fact that a reader will be distracted by the readable content of a page when looking at its layout. The point of using Lorem Ipsum is that it has a more-or-less normal distribution of letters, as opposed to using \'Content here, content here\', making it look like readable English. Many desktop publishing packages and web page editors now use Lorem Ipsum as their default model text, and a search for \'lorem ipsum\' will uncover many web sites still in their infancy. Various versions have evolved over the years, sometimes by accident, sometimes on purpose (injected humour and the like).</div>\r\n                \r\n                <div class=\"overview_intro\">It is a long established fact that a reader will be distracted by the readable content of a page when looking at its layout. The point of using Lorem Ipsum is that it has a more-or-less normal distribution of letters, as opposed to using \'Content here, content here\', making it look like readable English. Many desktop publishing packages and web page editors now use Lorem Ipsum as their default model text, and a search for \'lorem ipsum\' will uncover many web sites still in their infancy. Various versions have evolved over the years, sometimes by accident, sometimes on purpose (injected humour and the like).</div>\r\n                 <div class=\"bottom_border\"></div>\r\n                 </div>\r\n                </div>',	'2017-11-04 07:24:57',	'0'),
(16,	'Pricing',	'Pricing',	'',	'<div class=\"staticheadBlock\">\r\n<div class=\"staticchildBlock\">\r\n<div class=\"container\">\r\n<div class=\"row\">\r\n<div class=\"staticTextBlock\">Pricing<sub><b class=\"staticsubTextBlock\">&nbsp;we provide best you...</b></sub></div>\r\n</div>\r\n</div>\r\n</div>\r\n</div>\r\n\r\n<div class=\"pricing-content-wrapper\">\r\n<div class=\"container\">\r\n<div class=\"row\">\r\n<div class=\"col-lg-12 col-md-12 col-sm-12 col-xs-12\">\r\n<div class=\"regal_pricing_head_content\">Globally transition alternative networks vis-a-vis user friendly architectures. Rapidiously productivate standards compliant services vis-a-vis holistic technology. Objectively underwhelm impactful action items through clicks-and-mortar &quot;outside the box&quot; thinking. Proactively grow viral e-services before intuitive infrastructures. Phosfluorescently whiteboard premium initiatives after integrated e-markets. Phosfluorescently embrace maintainable initiatives for backward-compatible markets. Synergistically scale resource maximizing solutions and collaborative methods of empowerment. Compellingly iterate team driven information before user-centric markets. Intrinsicly productivate progressive information rather than orthogonal quality vectors. Monotonectally engage prospective imperatives with extensive e-tailers. Synergistically disseminate multidisciplinary imperatives with highly efficient niches. Globally foster wireless platforms whereas superior convergence. Seamlessly synthesize leveraged potentialities for synergistic content. Dramatically syndicate enterprise-wide alignments before installed base technology.</div>\r\n</div>\r\n</div>\r\n\r\n<div class=\"regal_box3_wrapper\">\r\n<div class=\"regal_box3_left_panel regal_box3_left_right_panel\"><img class=\"img-responsive\" src=\"{img_url}/advisor_benke.jpg\" /></div>\r\n\r\n<div class=\"regal_box3_right_panel regal_box3_left_right_panel\">\r\n<div class=\"regal_box3_right_content_wrappe\">\r\n<div class=\"regal_pricing_box3_title\">REGAL INVESTMENTS ADVISOR NETWORK&trade;</div>\r\n\r\n<div class=\"regal_pricing_box3_bold_content\">Looking for a dedicated one-on-one relationship with a financial advisor?</div>\r\n\r\n<div>Get matched with a pre-vetted CFP&reg; professional who can provide comprehensive financial planning. Advisors may have minimum balance requirements, which typically begin at $100,000.</div>\r\n</div>\r\n</div>\r\n</div>\r\n</div>\r\n\r\n<div class=\"makediv overview_box\">\r\n<div class=\"strate_box_top\">\r\n<div class=\"strate_box_top_inner\">\r\n<div class=\"strate_box_top_panel\" style=\"background: rgba(252, 209, 22, 0.57);\">\r\n<div class=\"text-center\" style=\"margin-bottom:30px;\"><img src=\"{img_url}/regal.png\" /></div>\r\n\r\n<div class=\"strate_box_top_head\">our main goal &ndash;</div>\r\n\r\n<div class=\"strate_box_top_sub_head\">Protect your work</div>\r\n\r\n<div class=\"strate_box_top_sub_text\">It is a long established fact that a reader will be distracted by the readable content of a page when looking at its layout.</div>\r\n</div>\r\n</div>\r\n</div>\r\n</div>\r\n\r\n<div class=\"container\">\r\n<div class=\"regal_box3_wrapper regal_box4_wrapper \">\r\n<div class=\"regal_box3_right_panel regal_box3_left_right_panel\">\r\n<div class=\"regal_box3_right_content_wrappe\">Lorem Ipsum is simply dummy text of the printing and typesetting industry. Lorem Ipsum has been the industry&#39;s standard dummy text ever since the 1500s, when an unknown printer took a galley of type and scrambled it to make a type specimen book. It has survived not only five centuries, but also the leap into electronic typesetting, remaining essentially unchanged. It was popularised in the 1960s with the release of Letraset sheets containing Lorem Ipsum passages, and more recently with desktop publishing software like Aldus PageMaker including versions of Lorem Ipsum.</div>\r\n</div>\r\n\r\n<div class=\"regal_box3_left_panel regal_box3_left_right_panel\"><img class=\"img-responsive\" src=\"{img_url}/pricing.jpg\" /></div>\r\n</div>\r\n</div>\r\n</div>\r\n',	'2017-12-30 00:32:02',	'0'),
(17,	'Wire Transfer Confirmation',	'Wire_Transfer_Confirmation',	'',	'<div class=\"makediv margtop30 TransferTable\">\r\n<div class=\"col-sm-4 lastelem paddleft0\">\r\n<div class=\"wire-tranfer-confirm\">Wire Transfer Confirmation</div>\r\n\r\n<div class=\"wire-tranfer-notify\">Your notilication to Regal Investments to deposit <span class=\"pay_currency\">{pay_currency}</span><span class=\"pay_amount\">{pay_amount}</span> via wire transfer has been confirmed.</div>\r\n\r\n<div class=\"wire-tranfer-notify\">To complete the actual transfer of funds, follow the Instruction below</div>\r\n\r\n<div>\r\n<div class=\"wire-instruction-head\">Instruction</div>\r\n\r\n<ul class=\"wire-instruction\">\r\n	<li>Print this page by clicking the Print button below.</li>\r\n	<li>Visit your bank and request the Wire transfer to your RI account.</li>\r\n	<li>You must provde me following information to your bank to initiate the Wire Transfer.</li>\r\n</ul>\r\n</div>\r\n</div>\r\n\r\n<div class=\"col-sm-8\">\r\n<div class=\"row\">\r\n<div class=\"wire-tranfer-confirm text-center\">Routing Details</div>\r\n\r\n<table>\r\n	<tbody>\r\n		<tr>\r\n			<td>Bank Name</td>\r\n			<td>The Bank of Montreal (SMO)</td>\r\n		</tr>\r\n		<tr>\r\n			<td>Bank Address</td>\r\n			<td>591 Queen St W, Toronto, ON M5V 2B7</td>\r\n		</tr>\r\n		<tr>\r\n			<td>SWIFT BIC Code</td>\r\n			<td>BOFM CA T2</td>\r\n		</tr>\r\n		<tr>\r\n			<td>ABA Number</td>\r\n			<td>CC000103882</td>\r\n		</tr>\r\n		<tr>\r\n			<td>Bank Account Name</td>\r\n			<td>Regal holdings Canada Inc</td>\r\n		</tr>\r\n		<tr>\r\n			<td>Bank Account Address</td>\r\n			<td>250 Yonge St #2201 , Toronto, ON M5B 2L7</td>\r\n		</tr>\r\n		<tr>\r\n			<td>Bank Account Number</td>\r\n			<td>038821995151 cr 038821995151</td>\r\n		</tr>\r\n		<tr>\r\n			<td>For further benefit to</td>\r\n			<td>{Customer name}</td>\r\n		</tr>\r\n		<tr>\r\n			<td>Amount</td>\r\n			<td>{deposit_amount}</td>\r\n		</tr>\r\n	</tbody>\r\n</table>\r\n</div>\r\n</div>\r\n</div>',	'2018-01-14 22:29:36',	'1'),
(18,	'Interac E-Transfer Confirmation',	'interac_e_transfer',	'',	'<div class=\"makediv margtop30 TransferTable\">\r\n<div class=\"col-sm-4 lastelem paddleft0\">\r\n<div class=\"wire-tranfer-confirm\">Interac E-Transfer Confirmation</div>\r\n\r\n<div class=\"wire-tranfer-notify\">Your notilication to Regal Investments to deposit <span class=\"pay_currency\">{pay_currency}</span> <span class=\"pay_amount\">{pay_amount}</span> via interac e-transfer has been confirmed.</div>\r\n\r\n<div class=\"wire-tranfer-notify\">To complete the actual transfer of funds, follow the Instruction below</div>\r\n\r\n<div>\r\n<div class=\"wire-instruction-head\">Instruction</div>\r\n\r\n<ul class=\"wire-instruction\">\r\n	<li>Print this page by clicking the Print button below.</li>\r\n	<li>Visit your bank and request the interac e-transfer to your RI account.</li>\r\n	<li>You must provide the following information to your bank to initiate the interac e-transfer.</li>\r\n</ul>\r\n</div>\r\n</div>\r\n\r\n<div class=\"col-sm-8\">\r\n<div class=\"row\">\r\n<div class=\"wire-tranfer-confirm text-center\">Interac e-transfer information</div>\r\n\r\n<table>\r\n	<tbody>\r\n		<tr>\r\n			<td>Receiving email</td>\r\n			<td>prosper@regalinvestments.ca</td>\r\n		</tr>\r\n	</tbody>\r\n</table>\r\n</div>\r\n</div>\r\n</div>\r\n',	'2018-01-05 14:57:10',	'1'),
(20,	'Career',	'career',	'',	'<div class=\"staticheadBlock\">\r\n    				<div class=\"staticchildBlock\">\r\n                    	<div class=\"container\">\r\n                        	<div class=\"row\">\r\n        							<div class=\"staticTextBlock\">\r\n    						Careers<sub><b class=\"staticsubTextBlock\">&nbsp;join and do best your...</b></sub>\r\n       					 </div>	\r\n                         	</div>\r\n       				 	</div>\r\n                     </div>\r\n    \r\n   				 </div>\r\n<div class=\"contentBlock securityBox\">\r\n<div class=\"container\">\r\n<div class=\"makediv\" style=\"margin-top:50px;\">\r\n		<div style=\"margin-bottom:30px\">\r\n			<h1 class=\"text-center\">Current Job Openings</h1>\r\n		</div>\r\n        \r\n	Lorem Ipsum is simply dummy text of the printing and typesetting industry.It is a long established fact that a reader will be distracted by the readable content of a page when looking at its layout.Lorem Ipsum is simply dummy text of the printing and typesetting industry.It is a long established fact that a reader will be distracted by the readable content of a page when looking at its layout.\r\n    <div class=\"clearfix\">&nbsp;</div> \r\n    <div class=\"clearfix\">&nbsp;</div> \r\n  </div>\r\n\r\n</div>\r\n</div>',	'2017-12-26 05:34:50',	'0'),
(21,	'Deposit Confirmation',	'confirmation_deposit',	'',	'<div class=\"makediv deposit-panel-container\">\r\n<div class=\"deposit-panel-inner\">\r\n<div class=\"deposit-panel\">\r\n<div class=\"deposit-check\"><img src=\"http://techdemolink.co.in/regalinvestments/public/img/check-circle.png\" /></div>\r\n\r\n<div style=\"margin-top:40px;\">Your deposit request has been received. Your account will be funded once your deposit is processed.</div>\r\n</div>\r\n</div>\r\n</div>\r\n',	'2018-01-05 23:07:37',	'1'),
(22,	'Resources',	'resources',	'Header',	'<div class=\"staticheadBlock\">\r\n<div class=\"staticchildBlock\">\r\n<div class=\"container\">\r\n<div class=\"row\">\r\n<div class=\"staticTextBlock\">Resources<sub><b class=\"staticsubTextBlock\">&nbsp;we provide you the best, uncontested.</b></sub></div>\r\n</div>\r\n</div>\r\n</div>\r\n</div>\r\n\r\n<div class=\"contentBlock securityBox\">\r\n<div class=\"container\">\r\n<div style=\"margin-top:40px;margin-bottom:40px;\">\r\n<h1 class=\"text-center\">Get Started</h1>\r\n\r\n<div class=\"overview_intro\">It is a long established fact that a reader will be distracted by the readable content of a page when looking at its layout. The point of using Lorem Ipsum is that it has a more-or-less normal distribution of letters, as opposed to using &#39;Content here, content here&#39;, making it look like readable English. Many desktop publishing packages and web page editors now use Lorem Ipsum as their default model text, and a search for &#39;lorem ipsum&#39; will uncover many web sites still in their infancy. Various versions have evolved over the years, sometimes by accident, sometimes on purpose (injected humour and the like).&nbsp;</div>\r\n\r\n<div class=\"bottom_border\"></div>\r\n</div>\r\n\r\n<div style=\"margin-top:40px;margin-bottom:40px;\">\r\n<h1 class=\"text-center\">Examples</h1>\r\n\r\n<div class=\"overview_intro\">It is a long established fact that a reader will be distracted by the readable content of a page when looking at its layout. The point of using Lorem Ipsum is that it has a more-or-less normal distribution of letters, as opposed to using &#39;Content here, content here&#39;, making it look like readable English. Many desktop publishing packages and web page editors now use Lorem Ipsum as their default model text, and a search for &#39;lorem ipsum&#39; will uncover many web sites still in their infancy. Various versions have evolved over the years, sometimes by accident, sometimes on purpose (injected humour and the like).</div>\r\n\r\n<div class=\"bottom_border\"></div>\r\n</div>\r\n</div>\r\n\r\n<div class=\"makediv one-edge-shadow\">\r\n<div class=\"col-lg-5 col-sm-6 \" style=\"padding:0;background-color:#283742;\">\r\n<div class=\"investment_block_left\" style=\"background:#283742;\">\r\n<div class=\"investment_block_container\">\r\n<div class=\"investment_block_box\">\r\n<div class=\"investment_block_comt_head\" style=\"color:white;\">Our commitment -</div>\r\n\r\n<div class=\"investment_block_comt_sub_head\" style=\"color:white;\">We work for you.</div>\r\n\r\n<div class=\"investment_block_comt_full_text\" style=\"color:white;\">Lorem Ipsum is simply dummy text of the printing and typesetting industry. Lorem Ipsum has been the industry&#39;s standard dummy text ever since the 1500s.</div>\r\n</div>\r\n</div>\r\n</div>\r\n</div>\r\n\r\n<div class=\"col-lg-7 col-sm-6\">\r\n<div class=\"row investment_block\"></div>\r\n</div>\r\n</div>\r\n\r\n<div class=\"container\">\r\n<div class=\"col-sm-8 col-md-6\" style=\"margin: 0 auto;float: none;\">\r\n<div class=\"strate_box_top_panel\">\r\n<div class=\"strate_box_top_head\">our way &ndash;</div>\r\n\r\n<div class=\"strate_box_top_sub_head\">Additional Resources</div>\r\n\r\n<div class=\"strate_box_top_sub_text\">Economic services provided by the finance industry, which encompasses a broad range of businesses that manage money, including credit unions.</div>\r\n</div>\r\n</div>\r\n</div>\r\n</div>\r\n',	'2018-01-05 14:56:47',	'0'),
(23,	'Check Confirmation',	'Check_Confirmation',	'',	'<div class=\"makediv margtop30 TransferTable\">\r\n                                 		<div class=\"col-sm-4 lastelem paddleft0\">\r\n                                        	\r\n                                           \r\n                                    		  <div class=\"wire-tranfer-confirm\">Check Deposit Confirmation</div>\r\n                                              <div class=\"wire-tranfer-notify\">\r\n                                              Your notification to Regal Investments to deposit <span class=\"pay_currency\">{pay_currency}</span> <span class=\"pay_amount\">{pay_amount}</span> via check deposit has been confirmed. 							</div>\r\n											<div class=\"wire-tranfer-notify\">To complete the actual transfer of funds, follow the instructions below.</div> \r\n											<div>\r\n                                            	<div class=\"wire-instruction-head\">Instructions:</div>\r\n                                            	<ul class=\"wire-instruction\">\r\n                                                            <li>Make your check payable to <br />Regal Holdings Canada, Inc.</li>\r\n                                                         \r\n												</ul>\r\n                                            </div>\r\n													\r\n                                        </div>\r\n                                        <div class=\"col-sm-8\">\r\n                                        		<div class=\"row\">\r\n                                        		<div class=\"wire-tranfer-confirm text-center\">Check Deposit Details</div>\r\n                                                <table>\r\n                                                    <tr><td>Payable To:</td><td>Regal Holdings Canada, Inc.</td></tr>\r\n                                                    <tr><td>Memo:</td><td>Regal Investments</td></tr>\r\n                                                  \r\n                                                    <tr><td>Mailing Address</td><td>Regal holdings Canada Inc<br />\r\n                                                    								250 Yonge St #2201<br />\r\n                                                   									 Toronto, ON M5B 2L7<br />\r\n                                                                                     Canada\r\n                                                                                      </td></tr>\r\n                                                   \r\n\r\n                                                    \r\n                                                </table>\r\n                                                </div>\r\n                                                \r\n                                        </div>\r\n                                 </div>',	'2018-01-04 03:36:20',	'1');

DROP TABLE IF EXISTS `resource`;
CREATE TABLE `resource` (
  `res_id` int(11) NOT NULL AUTO_INCREMENT,
  `res_title` varchar(255) COLLATE utf8_bin NOT NULL,
  `res_desc` text COLLATE utf8_bin NOT NULL,
  `res_modified` date NOT NULL,
  PRIMARY KEY (`res_id`)
) ENGINE=InnoDB DEFAULT CHARSET=utf8 COLLATE=utf8_bin;

INSERT INTO `resource` (`res_id`, `res_title`, `res_desc`, `res_modified`) VALUES
(1,	'Hole in 1',	'<strong>Hole in 1 (Trade Signal)<br />\r\nSubscribe to one monthly trade signal. Receive a signal for one stock Regal Investments will be trading, in advance. Profit anywhere from 10% to 240% based on historical data.</strong>',	'2018-01-05'),
(2,	'Resource Two',	'<strong>Five Finger Discount<br />\r\nSubscribe to five positions Regal Investments will be trading in advance. Profit anywhere between 10% and 240% per position, based on historical data.</strong>',	'2018-01-05'),
(5,	'Profit Visions',	'Profit Visions (Market Data)<br />\r\nWith Profit Visions you will be subscribed to receive the same data Regal Investments uses in order to make trade decisions. Interpret the data and potentially pick a stock that is going to over-perform.',	'2018-01-05');

DROP TABLE IF EXISTS `users`;
CREATE TABLE `users` (
  `user_id` int(11) NOT NULL AUTO_INCREMENT,
  `user_type` enum('admin','user') COLLATE utf8_bin NOT NULL DEFAULT 'user' COMMENT '''admin'',''user''',
  `user_oauth_provider` enum('normal','facebook','twitter','googleplus') COLLATE utf8_bin DEFAULT 'normal',
  `user_oauth_id` varchar(255) COLLATE utf8_bin DEFAULT NULL,
  `user_login_type` enum('normal','social') COLLATE utf8_bin NOT NULL DEFAULT 'normal',
  `user_email` varchar(255) COLLATE utf8_bin NOT NULL,
  `user_password` varchar(100) COLLATE utf8_bin DEFAULT NULL,
  `user_pass` varchar(500) COLLATE utf8_bin DEFAULT NULL,
  `user_name` varchar(100) COLLATE utf8_bin DEFAULT NULL,
  `user_first_name` varchar(255) COLLATE utf8_bin DEFAULT NULL,
  `user_last_name` varchar(255) COLLATE utf8_bin NOT NULL,
  `user_image` varchar(255) COLLATE utf8_bin DEFAULT NULL,
  `user_postal_code` varchar(255) COLLATE utf8_bin DEFAULT NULL,
  `user_address` varchar(250) COLLATE utf8_bin NOT NULL,
  `user_lat` float(10,2) NOT NULL,
  `user_long` float(10,2) NOT NULL,
  `user_country` varchar(150) COLLATE utf8_bin DEFAULT NULL,
  `user_city` varchar(256) COLLATE utf8_bin DEFAULT NULL,
  `user_state` varchar(255) COLLATE utf8_bin DEFAULT NULL,
  `user_phone` varchar(255) COLLATE utf8_bin DEFAULT NULL,
  `user_phonecode` varchar(250) COLLATE utf8_bin NOT NULL,
  `user_gender` enum('0','1') COLLATE utf8_bin NOT NULL COMMENT '0=Male,1=Female',
  `user_timezone` int(11) DEFAULT NULL,
  `user_status` enum('0','1','2') COLLATE utf8_bin DEFAULT '1' COMMENT '0=>blocked,1=>active',
  `user_email_verified` enum('0','1') COLLATE utf8_bin NOT NULL DEFAULT '0',
  `user_email_key` varchar(255) COLLATE utf8_bin DEFAULT NULL,
  `user_reset_status` enum('0','1','2') COLLATE utf8_bin NOT NULL DEFAULT '0' COMMENT '0=no reset ,1 = reset ,''2''=> New SubAdmin',
  `pass_resetkey` varchar(255) COLLATE utf8_bin DEFAULT NULL,
  `user_created` datetime NOT NULL,
  `user_last_login` datetime NOT NULL,
  `user_annual_income` float(25,2) NOT NULL,
  `user_balance` float(25,2) NOT NULL COMMENT 'balance amount of user',
  `user_book_type` int(11) NOT NULL COMMENT 'booking type',
  `user_dashboard_txt` text COLLATE utf8_bin NOT NULL COMMENT 'dashboard text',
  `user_emp_status` enum('0','1') COLLATE utf8_bin NOT NULL DEFAULT '0' COMMENT '0=>Currently Employed,1=>Not Employed',
  `user_inv_return` float(25,2) NOT NULL,
  `user_invest_assets` int(11) NOT NULL,
  `user_invest_opt` enum('0','1') COLLATE utf8_bin NOT NULL DEFAULT '0' COMMENT '0=>no,1=>yes',
  `user_invest_type` int(11) DEFAULT NULL,
  `user_investing_reason` int(11) DEFAULT NULL,
  `user_loc_latitude` decimal(11,8) NOT NULL,
  `user_loc_longitude` decimal(11,8) NOT NULL,
  `user_location` varchar(255) COLLATE utf8_bin NOT NULL,
  `user_request_addedon` datetime NOT NULL,
  `user_prosperity` int(11) NOT NULL DEFAULT '0',
  PRIMARY KEY (`user_id`),
  UNIQUE KEY `user_email` (`user_email`)
) ENGINE=InnoDB DEFAULT CHARSET=utf8 COLLATE=utf8_bin;

INSERT INTO `users` (`user_id`, `user_type`, `user_oauth_provider`, `user_oauth_id`, `user_login_type`, `user_email`, `user_password`, `user_pass`, `user_name`, `user_first_name`, `user_last_name`, `user_image`, `user_postal_code`, `user_address`, `user_lat`, `user_long`, `user_country`, `user_city`, `user_state`, `user_phone`, `user_phonecode`, `user_gender`, `user_timezone`, `user_status`, `user_email_verified`, `user_email_key`, `user_reset_status`, `pass_resetkey`, `user_created`, `user_last_login`, `user_annual_income`, `user_balance`, `user_book_type`, `user_dashboard_txt`, `user_emp_status`, `user_inv_return`, `user_invest_assets`, `user_invest_opt`, `user_invest_type`, `user_investing_reason`, `user_loc_latitude`, `user_loc_longitude`, `user_location`, `user_request_addedon`, `user_prosperity`) VALUES
(1,	'admin',	NULL,	'0',	'normal',	'robregal93@gmail.com',	'e10adc3949ba59abbe56e057f20f883e',	NULL,	'JM',	'Dikos Nac',	'',	'1511198631-69743.jpg',	'11621',	'Paris',	0.00,	0.00,	'France',	'Paris',	'Paris',	'(354) 186-4864',	'',	'0',	NULL,	'1',	'1',	'89fba4ffe6022c48f5b652b3fdbfbd2b',	'0',	'',	'2013-06-17 01:20:37',	'2017-12-29 05:43:17',	0.00,	0.00,	0,	'',	'0',	0.00,	0,	'0',	NULL,	0,	0.00000000,	0.00000000,	'',	'0000-00-00 00:00:00',	0),
(3,	'user',	'normal',	NULL,	'normal',	'techdemo@techdemolink.co.in',	'e10adc3949ba59abbe56e057f20f883e',	'MTIzNDU2',	'Matt Blanc',	'Matt',	'Blanc',	'1510922510-94360.png',	NULL,	'',	0.00,	0.00,	NULL,	NULL,	NULL,	NULL,	'',	'0',	NULL,	'1',	'1',	NULL,	'0',	'',	'2017-11-17 04:16:43',	'2018-01-08 01:33:00',	825.00,	5600.00,	1,	'Ipsum is simply dummy text of the printing and typesetting industry. Lorem Ipsum has been the industry\'s standard dummy text ever since the 1500s, when an unknown printer took a galley of type and scrambled it to make a type specimen book. It has survived not only five centuries, but also the leap into electronic typesetting, remaining essentially unchanged. It was popularised in the 1960s with the release of Letraset sheets containing Lorem Ipsum passages, and more recently with desktop publishing software like Aldus PageMaker including versions of Lorem Ipsum.\r\n\r\nThanks',	'1',	623.49,	52,	'0',	NULL,	NULL,	29.76042670,	-95.36980280,	'Houston, TX, United States',	'2017-11-18 01:15:57',	13),
(5,	'user',	'normal',	NULL,	'normal',	'companytester0@gmail.com',	'e10adc3949ba59abbe56e057f20f883e',	NULL,	'Chris Vivan',	'Chris',	'Vivan',	NULL,	NULL,	'',	0.00,	0.00,	NULL,	NULL,	NULL,	NULL,	'',	'0',	NULL,	'1',	'0',	NULL,	'1',	'e7cabc322ca861eef7ed417d09d24520',	'2017-11-17 04:32:43',	'0000-00-00 00:00:00',	5000.00,	0.00,	1,	'',	'0',	599558.19,	50000,	'0',	NULL,	NULL,	29.76042670,	-95.36980280,	'Houston, TX, United States',	'2017-11-17 04:32:43',	0),
(6,	'user',	'normal',	NULL,	'normal',	'companytester0+123@gmail.com',	'e10adc3949ba59abbe56e057f20f883e',	NULL,	'Hinal Bhati',	'Hinal',	'Bhati',	NULL,	NULL,	'',	0.00,	0.00,	NULL,	NULL,	NULL,	NULL,	'',	'0',	NULL,	'1',	'1',	NULL,	'0',	'',	'2017-11-17 19:51:17',	'2017-12-30 02:48:00',	51000.00,	0.00,	1,	'',	'0',	17986.76,	1500,	'1',	1,	NULL,	37.14289200,	-81.70094510,	'Bandy, VA, United States',	'0000-00-00 00:00:00',	0),
(7,	'user',	'normal',	NULL,	'normal',	'sunilbhati286+786@gmail.com',	'e10adc3949ba59abbe56e057f20f883e',	NULL,	'Somya  Bhati',	'Somya ',	'Bhati',	NULL,	NULL,	'',	0.00,	0.00,	NULL,	NULL,	NULL,	NULL,	'',	'0',	NULL,	'1',	'1',	NULL,	'0',	'',	'2017-11-17 20:25:22',	'2017-11-17 21:57:30',	21000.00,	0.00,	1,	'You should change dashboard color for this.',	'1',	95929.37,	8000,	'1',	1,	NULL,	27.95057500,	-82.45717760,	'Tampa, FL, United States',	'2017-11-17 21:57:30',	0),
(8,	'user',	'normal',	NULL,	'normal',	'companytester0+786@gmail.com',	'e10adc3949ba59abbe56e057f20f883e',	NULL,	'Manoj Bhati',	'Manoj',	'Bhati',	NULL,	NULL,	'',	0.00,	0.00,	NULL,	NULL,	NULL,	NULL,	'',	'0',	NULL,	'1',	'0',	NULL,	'0',	'23473e4d17db5256b51bee7027a25818',	'2017-11-17 20:40:27',	'0000-00-00 00:00:00',	16500.00,	0.00,	1,	'',	'0',	71947.01,	6000,	'1',	2,	NULL,	26.23894690,	73.02430940,	'Jodhpur, Rajasthan, India',	'0000-00-00 00:00:00',	0),
(10,	'user',	'normal',	NULL,	'normal',	'sunilbhati286+450@gmail.com',	'e10adc3949ba59abbe56e057f20f883e',	NULL,	'Sunil  Kumar',	'Sunil ',	'Kumar',	NULL,	NULL,	'',	0.00,	0.00,	NULL,	NULL,	NULL,	NULL,	'',	'0',	NULL,	'1',	'0',	NULL,	'0',	'b0bd319bc17b8a896bab5644e85a2f59',	'2017-11-17 21:57:08',	'0000-00-00 00:00:00',	45000.00,	0.00,	5,	'',	'0',	62080.00,	16000,	'1',	1,	2,	36.20482400,	138.25292400,	'Japan',	'0000-00-00 00:00:00',	0),
(11,	'user',	'normal',	NULL,	'normal',	'techdemo22@gmail.com',	'e10adc3949ba59abbe56e057f20f883e',	NULL,	'New user',	'New',	'user',	NULL,	NULL,	'',	0.00,	0.00,	NULL,	NULL,	NULL,	NULL,	'',	'0',	NULL,	'1',	'1',	NULL,	'0',	'',	'2017-11-18 00:17:20',	'2017-11-18 01:15:23',	520.00,	0.00,	1,	'Demo update',	'1',	59955.85,	5000,	'0',	NULL,	NULL,	31.96859880,	-99.90181310,	'Texas, United States',	'2017-11-18 01:12:16',	0),
(12,	'user',	'normal',	NULL,	'normal',	'sunilbhati286+1450@gmail.com',	'e10adc3949ba59abbe56e057f20f883e',	NULL,	'Manish Bhati',	'Manish',	'Bhati',	NULL,	NULL,	'',	0.00,	0.00,	NULL,	NULL,	NULL,	NULL,	'',	'0',	NULL,	'1',	'1',	NULL,	'0',	'',	'2017-11-18 04:11:37',	'2017-12-09 00:07:29',	152000.00,	500.00,	1,	'Yes.',	'0',	719469.81,	60000,	'1',	1,	NULL,	36.15058300,	-86.79846900,	'Bandy Van Cleave & Williamson, 20th Avenue South, Nashville, TN, United States',	'2017-12-08 23:24:35',	0),
(13,	'user',	'normal',	NULL,	'normal',	'userjdr1+123@gmail.com',	'e10adc3949ba59abbe56e057f20f883e',	NULL,	'Anmol Gupta',	'Anmol',	'Gupta',	NULL,	NULL,	'',	0.00,	0.00,	NULL,	NULL,	NULL,	NULL,	'',	'0',	NULL,	'1',	'1',	NULL,	'0',	'',	'2017-11-18 04:16:24',	'2017-12-08 23:22:26',	55000.00,	4440.00,	1,	'Latest Review.',	'0',	71947.01,	6000,	'0',	NULL,	NULL,	36.15058300,	-86.79846900,	'Bandy Van Cleave & Williamson, 20th Avenue South, Nashville, TN, United States',	'2017-11-18 04:42:33',	0),
(14,	'user',	'normal',	NULL,	'normal',	'dsd@m.com',	'd0fc0b3e9b4e6e85c06fa4687921f481',	NULL,	'd d',	'd',	'd',	NULL,	NULL,	'',	0.00,	0.00,	NULL,	NULL,	NULL,	NULL,	'',	'0',	NULL,	'1',	'0',	NULL,	'0',	'9bdadf692fecead149947ff17507e44e',	'2017-11-19 20:28:18',	'0000-00-00 00:00:00',	50.00,	0.00,	3,	'',	'1',	431903.00,	5000,	'0',	NULL,	NULL,	43.65322600,	-79.38318430,	'Toronto, ON, Canada',	'0000-00-00 00:00:00',	0),
(15,	'user',	'normal',	NULL,	'normal',	'robleregal@gmail.com',	'00ca5735fc4e493015236dbeb4e453c9',	'MTQ3ODk2NTM=',	'Roble Regal',	'Roble',	'Regal',	'1511198045-64492.jpg',	NULL,	'',	0.00,	0.00,	NULL,	NULL,	NULL,	NULL,	'',	'0',	NULL,	'1',	'1',	NULL,	'1',	'',	'2017-11-20 07:28:44',	'2018-01-01 22:50:30',	200000.00,	804568.00,	3,	'Not much',	'0',	431903.00,	5000,	'0',	NULL,	NULL,	43.65322600,	-79.38318430,	'Toronto, ON, Canada',	'2018-01-05 12:56:52',	0),
(16,	'user',	'normal',	NULL,	'normal',	'asodhuhui@hotmail.com',	'd8578edf8458ce06fbc5bb76a58c5ca4',	NULL,	'bob bob',	'bob',	'bob',	NULL,	NULL,	'',	0.00,	0.00,	NULL,	NULL,	NULL,	NULL,	'',	'0',	NULL,	'1',	'0',	NULL,	'0',	'86bc5f3ee288c44e21dd1376eb396553',	'2017-11-20 14:54:23',	'0000-00-00 00:00:00',	15000000.00,	0.00,	2,	'',	'0',	904376.88,	50000,	'0',	NULL,	NULL,	35.68948750,	139.69170640,	'Tokyo, Japan',	'0000-00-00 00:00:00',	0),
(17,	'user',	'normal',	NULL,	'normal',	'westsidelover87@gmail.com',	'e10adc3949ba59abbe56e057f20f883e',	NULL,	'Bob Newman',	'Bob',	'Newman',	NULL,	NULL,	'',	0.00,	0.00,	NULL,	NULL,	NULL,	NULL,	'',	'0',	NULL,	'1',	'1',	NULL,	'0',	'',	'2017-11-27 21:33:50',	'0000-00-00 00:00:00',	52.00,	0.00,	3,	'',	'0',	64000.00,	10000,	'1',	1,	NULL,	40.71277530,	-74.00597280,	'New York, NY, United States',	'0000-00-00 00:00:00',	0),
(18,	'user',	'normal',	NULL,	'normal',	'Jakekekskekske@mail.com',	'ab117ab6051dbf49cf6fd06be11bf008',	NULL,	'Jake Jillinhall',	'Jake',	'Jillinhall',	NULL,	NULL,	'',	0.00,	0.00,	NULL,	NULL,	NULL,	NULL,	'',	'0',	NULL,	'1',	'0',	NULL,	'0',	'fa4cae74d65ef2793661f367277b00d1',	'2017-11-29 17:41:29',	'0000-00-00 00:00:00',	40000.00,	0.00,	2,	'',	'1',	90437.62,	5000,	'0',	NULL,	NULL,	15.29932650,	74.12399600,	'Goa, India',	'0000-00-00 00:00:00',	0),
(19,	'user',	'normal',	NULL,	'normal',	'plans@regalinvestments.ca',	'e10adc3949ba59abbe56e057f20f883e',	NULL,	'George M',	'George',	'M',	NULL,	NULL,	'',	0.00,	0.00,	NULL,	NULL,	NULL,	NULL,	'',	'0',	NULL,	'1',	'1',	NULL,	'0',	'',	'2017-12-05 13:19:43',	'0000-00-00 00:00:00',	20000.00,	0.00,	5,	'',	'0',	22892.00,	5900,	'0',	NULL,	2,	43.65322600,	-79.38318430,	'Toronto, ON, Canada',	'0000-00-00 00:00:00',	0),
(20,	'user',	'normal',	NULL,	'normal',	'hr@regalinvestments.ca',	'e10adc3949ba59abbe56e057f20f883e',	NULL,	'George T',	'George',	'T',	NULL,	NULL,	'',	0.00,	0.00,	NULL,	NULL,	NULL,	NULL,	'',	'0',	NULL,	'0',	'1',	NULL,	'0',	'',	'2017-12-07 09:42:54',	'2017-12-07 09:58:44',	0.00,	200.00,	2,	'',	'1',	18087.54,	1000,	'0',	NULL,	NULL,	43.65322600,	-79.38318430,	'Toronto, ON, Canada',	'0000-00-00 00:00:00',	0),
(21,	'user',	'normal',	NULL,	'normal',	'testing@techdemolink.co.in',	'e10adc3949ba59abbe56e057f20f883e',	NULL,	'test master',	'test',	'master',	NULL,	NULL,	'',	0.00,	0.00,	NULL,	NULL,	NULL,	NULL,	'',	'0',	NULL,	'1',	'0',	NULL,	'0',	'31eb355db8a5e07b2365f33269d316d1',	'2017-12-08 23:15:44',	'0000-00-00 00:00:00',	852.00,	0.00,	1,	'',	'0',	10216.50,	852,	'0',	NULL,	NULL,	11.12712250,	78.65689420,	'Tamil Nadu, India',	'0000-00-00 00:00:00',	0),
(22,	'user',	'normal',	NULL,	'normal',	'companytester0+086@gmail.com',	'fcea920f7412b5da7be0cf42b8c93759',	'MTIzNDU2Nw==',	'Abhishek  Sharma',	'Abhishek ',	'Sharma',	'1514612187-7633.jpg',	NULL,	'',	0.00,	0.00,	NULL,	NULL,	NULL,	NULL,	'',	'0',	NULL,	'1',	'1',	NULL,	'0',	'',	'2017-12-09 00:22:13',	'2018-01-05 02:32:51',	56000.00,	4500.00,	1,	'Really nice need some more graph on the dashboard.',	'1',	59955.85,	5000,	'0',	NULL,	NULL,	36.15058300,	-86.79846900,	'Bandy Van Cleave & Williamson, 20th Avenue South, Nashville, TN, United States',	'2017-12-29 23:32:50',	2),
(23,	'user',	'normal',	NULL,	'normal',	'userjdr1@gmail.com',	'e10adc3949ba59abbe56e057f20f883e',	NULL,	'Jdr User',	'Jdr',	'User',	NULL,	NULL,	'',	0.00,	0.00,	NULL,	NULL,	NULL,	NULL,	'',	'0',	NULL,	'1',	'0',	NULL,	'0',	'4de4783087fc52ba9d9cab622951667c',	'2017-12-21 05:04:11',	'0000-00-00 00:00:00',	8500.00,	0.00,	1,	'',	'0',	10216.50,	852,	'0',	NULL,	NULL,	31.96859880,	-99.90181310,	'Texas, United States',	'0000-00-00 00:00:00',	1),
(24,	'user',	'normal',	NULL,	'normal',	'm.osman20@hotmail.com',	'066f6c4c52debcc0fe352507fef27459',	NULL,	'Mohamed Osman',	'Mohamed',	'Osman',	NULL,	NULL,	'',	0.00,	0.00,	NULL,	NULL,	NULL,	NULL,	'',	'0',	NULL,	'1',	'1',	NULL,	'0',	'',	'2018-01-06 18:09:12',	'0000-00-00 00:00:00',	25000.00,	0.00,	3,	'',	'0',	3200.00,	500,	'0',	NULL,	NULL,	43.65322600,	-79.38318430,	'Toronto, ON, Canada',	'0000-00-00 00:00:00',	0),
(25,	'user',	'normal',	NULL,	'normal',	'dylanalt195@gmail.com',	'5f4dcc3b5aa765d61d8327deb882cf99',	'cGFzc3dvcmQ=',	'Dylan Smith',	'Dylan',	'Smith',	NULL,	NULL,	'',	0.00,	0.00,	NULL,	NULL,	NULL,	NULL,	'',	'0',	NULL,	'1',	'0',	NULL,	'1',	'5003720462e6b35b14a0985832c9f45b',	'2018-01-07 19:41:32',	'0000-00-00 00:00:00',	250000.00,	0.00,	2,	'',	'0',	239563792.00,	1000000,	'1',	1,	4,	37.09024000,	-95.71289100,	'United States',	'0000-00-00 00:00:00',	0),
(26,	'user',	'normal',	NULL,	'normal',	'companytester0+789@gmail.com',	'e10adc3949ba59abbe56e057f20f883e',	NULL,	'Pintu Sharma',	'Pintu',	'Sharma',	NULL,	NULL,	'',	0.00,	0.00,	NULL,	NULL,	NULL,	NULL,	'',	'0',	NULL,	'1',	'1',	NULL,	'0',	'',	'2018-01-08 05:01:09',	'0000-00-00 00:00:00',	560000.00,	0.00,	3,	'Yes wanna improve your dashboard.',	'0',	3200.00,	500,	'1',	2,	NULL,	50.45366800,	30.46972560,	'Vandy Vasylevs\'koi Street, Kyiv, Kyiv city, Ukraine',	'2018-01-08 05:08:54',	4);

DROP TABLE IF EXISTS `users_balance`;
CREATE TABLE `users_balance` (
  `user_bal_id` int(11) NOT NULL AUTO_INCREMENT,
  `user_bal_userid` int(11) NOT NULL,
  `user_bal_balance` int(11) NOT NULL,
  `user_bal_type` enum('0','1') COLLATE utf8_bin NOT NULL DEFAULT '0' COMMENT '0=>credit,1=>debit',
  `user_bal_addedon` date NOT NULL,
  `user_bal_trans_id` int(11) DEFAULT NULL,
  PRIMARY KEY (`user_bal_id`),
  KEY `user_bal_userid` (`user_bal_userid`),
  KEY `user_bal_trans_id` (`user_bal_trans_id`),
  CONSTRAINT `users_balance_ibfk_1` FOREIGN KEY (`user_bal_userid`) REFERENCES `users` (`user_id`) ON DELETE CASCADE,
  CONSTRAINT `users_balance_ibfk_2` FOREIGN KEY (`user_bal_trans_id`) REFERENCES `user_transfer` (`user_trans_id`) ON DELETE CASCADE
) ENGINE=InnoDB DEFAULT CHARSET=utf8 COLLATE=utf8_bin;

INSERT INTO `users_balance` (`user_bal_id`, `user_bal_userid`, `user_bal_balance`, `user_bal_type`, `user_bal_addedon`, `user_bal_trans_id`) VALUES
(1,	3,	5000,	'0',	'2017-11-17',	NULL),
(6,	13,	650,	'0',	'2017-11-18',	NULL),
(7,	13,	20,	'0',	'2017-11-18',	NULL),
(8,	12,	150,	'0',	'2017-11-18',	NULL),
(9,	13,	20,	'0',	'2017-11-18',	NULL),
(10,	13,	40,	'1',	'2017-11-18',	NULL),
(11,	13,	30000,	'0',	'2017-11-18',	NULL),
(12,	13,	30000,	'1',	'2017-11-18',	NULL),
(13,	13,	5000,	'0',	'2017-11-18',	NULL),
(14,	13,	50,	'0',	'2017-11-18',	NULL),
(15,	13,	100,	'1',	'2017-11-18',	NULL),
(16,	12,	50,	'0',	'2017-11-18',	NULL),
(17,	12,	100,	'1',	'2017-11-18',	NULL),
(18,	15,	14,	'0',	'2017-11-20',	NULL),
(19,	15,	786554,	'0',	'2017-11-20',	NULL),
(20,	15,	4000,	'1',	'2017-11-20',	NULL),
(21,	15,	20000,	'0',	'2017-11-26',	NULL),
(22,	13,	990,	'0',	'2017-12-07',	NULL),
(23,	13,	1500,	'1',	'2017-12-07',	NULL),
(24,	20,	200,	'0',	'2017-12-07',	NULL),
(25,	12,	200,	'0',	'2017-12-08',	NULL),
(26,	3,	300,	'0',	'2017-12-29',	6),
(27,	3,	1000,	'0',	'2017-12-29',	7),
(28,	3,	1000,	'1',	'2017-12-29',	8),
(29,	22,	50000000,	'0',	'2017-12-29',	10),
(30,	22,	500,	'0',	'2017-12-29',	9),
(31,	22,	100,	'0',	'2017-12-29',	13),
(32,	22,	100,	'0',	'2017-12-29',	12),
(33,	22,	700,	'1',	'2017-12-29',	14),
(34,	22,	40000000,	'1',	'2017-12-29',	15),
(35,	22,	10000000,	'1',	'2017-12-29',	17),
(36,	22,	50000,	'0',	'2017-12-29',	18),
(37,	22,	50000,	'1',	'2017-12-29',	16),
(38,	22,	500,	'0',	'2017-12-29',	19),
(39,	3,	100,	'0',	'2018-01-03',	40),
(40,	3,	500,	'0',	'2018-01-03',	41),
(41,	3,	300,	'1',	'2018-01-03',	42),
(42,	22,	600,	'0',	'2018-01-05',	44),
(43,	22,	200,	'0',	'2018-01-05',	45),
(44,	22,	50,	'0',	'2018-01-05',	46),
(45,	22,	1700,	'0',	'2018-01-05',	47),
(46,	22,	500,	'0',	'2018-01-05',	33),
(47,	22,	650,	'0',	'2018-01-05',	32),
(48,	12,	300,	'1',	'2018-01-05',	48),
(49,	12,	500,	'0',	'2018-01-05',	49),
(50,	22,	300,	'0',	'2018-01-05',	50),
(51,	15,	5000,	'0',	'2018-01-05',	54),
(52,	15,	5000,	'1',	'2018-01-14',	62),
(53,	15,	3000,	'0',	'2018-01-14',	63),
(54,	15,	2000,	'1',	'2018-01-14',	64),
(55,	15,	1000,	'0',	'2018-01-15',	NULL);

DROP TABLE IF EXISTS `users_plan`;
CREATE TABLE `users_plan` (
  `user_plan_id` int(11) NOT NULL AUTO_INCREMENT,
  `user_plan_planid` int(11) DEFAULT NULL,
  `user_plan_userid` int(11) DEFAULT NULL,
  `user_plan_ptype` enum('0','1') COLLATE utf8_bin NOT NULL DEFAULT '0' COMMENT '0=>by system,1=>self',
  `user_plan_date` date NOT NULL,
  `user_plan_isactive` enum('0','1','2','3') COLLATE utf8_bin NOT NULL DEFAULT '0' COMMENT '0=>pending,1=>approved,2=>rejected,3=>Expired',
  `user_plan_expiredate` date NOT NULL,
  PRIMARY KEY (`user_plan_id`),
  KEY `user_plan_planid` (`user_plan_planid`),
  KEY `user_plan_userid` (`user_plan_userid`),
  CONSTRAINT `users_plan_ibfk_1` FOREIGN KEY (`user_plan_planid`) REFERENCES `investment_plans` (`inv_pl_id`) ON DELETE CASCADE,
  CONSTRAINT `users_plan_ibfk_2` FOREIGN KEY (`user_plan_userid`) REFERENCES `users` (`user_id`) ON DELETE CASCADE
) ENGINE=InnoDB DEFAULT CHARSET=utf8 COLLATE=utf8_bin;

INSERT INTO `users_plan` (`user_plan_id`, `user_plan_planid`, `user_plan_userid`, `user_plan_ptype`, `user_plan_date`, `user_plan_isactive`, `user_plan_expiredate`) VALUES
(2,	3,	3,	'0',	'2017-11-17',	'1',	'0000-00-00'),
(4,	1,	5,	'0',	'2017-11-17',	'1',	'0000-00-00'),
(6,	2,	3,	'1',	'2017-11-17',	'2',	'0000-00-00'),
(7,	2,	3,	'1',	'2017-11-17',	'2',	'0000-00-00'),
(8,	1,	6,	'0',	'2017-11-17',	'1',	'0000-00-00'),
(9,	1,	7,	'0',	'2017-11-17',	'1',	'0000-00-00'),
(10,	1,	8,	'0',	'2017-11-17',	'1',	'0000-00-00'),
(12,	3,	6,	'1',	'2017-11-17',	'1',	'0000-00-00'),
(14,	1,	10,	'0',	'2017-11-17',	'1',	'0000-00-00'),
(15,	1,	11,	'0',	'2017-11-18',	'1',	'0000-00-00'),
(16,	2,	11,	'0',	'2017-11-18',	'1',	'0000-00-00'),
(17,	3,	11,	'0',	'2017-11-18',	'1',	'0000-00-00'),
(18,	4,	11,	'0',	'2017-11-18',	'1',	'0000-00-00'),
(19,	2,	3,	'1',	'2017-11-18',	'2',	'0000-00-00'),
(20,	2,	3,	'1',	'2017-11-18',	'2',	'0000-00-00'),
(21,	1,	12,	'0',	'2017-11-18',	'1',	'0000-00-00'),
(22,	4,	12,	'0',	'2017-11-18',	'1',	'0000-00-00'),
(23,	1,	13,	'0',	'2017-11-18',	'1',	'0000-00-00'),
(24,	2,	13,	'0',	'2017-11-18',	'1',	'0000-00-00'),
(25,	3,	13,	'0',	'2017-11-18',	'1',	'0000-00-00'),
(26,	4,	13,	'0',	'2017-11-18',	'1',	'0000-00-00'),
(27,	3,	12,	'1',	'2017-11-18',	'1',	'0000-00-00'),
(30,	1,	14,	'0',	'2017-11-19',	'1',	'0000-00-00'),
(31,	2,	14,	'0',	'2017-11-19',	'1',	'0000-00-00'),
(32,	3,	14,	'0',	'2017-11-19',	'1',	'0000-00-00'),
(33,	4,	14,	'0',	'2017-11-19',	'1',	'0000-00-00'),
(34,	1,	15,	'0',	'2017-11-20',	'1',	'0000-00-00'),
(35,	2,	15,	'0',	'2017-11-20',	'1',	'0000-00-00'),
(36,	3,	15,	'0',	'2017-11-20',	'1',	'0000-00-00'),
(37,	4,	15,	'0',	'2017-11-20',	'1',	'0000-00-00'),
(38,	1,	16,	'0',	'2017-11-20',	'1',	'0000-00-00'),
(39,	2,	16,	'0',	'2017-11-20',	'1',	'0000-00-00'),
(40,	3,	16,	'0',	'2017-11-20',	'1',	'0000-00-00'),
(41,	4,	16,	'0',	'2017-11-20',	'1',	'0000-00-00'),
(42,	6,	15,	'1',	'2017-11-20',	'1',	'0000-00-00'),
(43,	1,	17,	'0',	'2017-11-27',	'1',	'0000-00-00'),
(44,	4,	17,	'0',	'2017-11-27',	'1',	'0000-00-00'),
(45,	1,	18,	'0',	'2017-11-29',	'1',	'0000-00-00'),
(46,	2,	18,	'0',	'2017-11-29',	'1',	'0000-00-00'),
(47,	3,	18,	'0',	'2017-11-29',	'1',	'0000-00-00'),
(48,	4,	18,	'0',	'2017-11-29',	'1',	'0000-00-00'),
(49,	1,	19,	'0',	'2017-12-05',	'1',	'0000-00-00'),
(50,	2,	19,	'0',	'2017-12-05',	'1',	'0000-00-00'),
(51,	3,	19,	'0',	'2017-12-05',	'1',	'0000-00-00'),
(52,	4,	19,	'0',	'2017-12-05',	'1',	'0000-00-00'),
(53,	7,	19,	'1',	'2017-12-05',	'2',	'0000-00-00'),
(54,	8,	19,	'1',	'2017-12-05',	'1',	'0000-00-00'),
(55,	3,	20,	'0',	'2017-12-07',	'1',	'0000-00-00'),
(56,	1,	20,	'1',	'2017-12-07',	'1',	'0000-00-00'),
(58,	3,	21,	'0',	'2017-12-08',	'1',	'0000-00-00'),
(59,	2,	12,	'1',	'2017-12-08',	'0',	'0000-00-00'),
(60,	1,	22,	'0',	'2017-11-08',	'3',	'2017-12-08'),
(64,	1,	22,	'1',	'2017-11-08',	'3',	'2017-12-08'),
(65,	1,	22,	'1',	'2017-11-08',	'3',	'2017-12-08'),
(66,	3,	23,	'0',	'2017-12-21',	'1',	'0000-00-00'),
(67,	1,	3,	'1',	'2017-12-22',	'1',	'2018-01-22'),
(68,	2,	3,	'1',	'2017-12-22',	'2',	'0000-00-00'),
(70,	4,	22,	'1',	'2017-12-29',	'0',	'0000-00-00'),
(72,	8,	15,	'1',	'2018-01-05',	'0',	'0000-00-00'),
(73,	2,	3,	'1',	'2018-01-05',	'0',	'0000-00-00'),
(74,	6,	22,	'1',	'2018-01-06',	'0',	'0000-00-00'),
(75,	3,	24,	'0',	'2018-01-06',	'1',	'0000-00-00'),
(76,	1,	24,	'1',	'2018-01-06',	'0',	'2018-02-06'),
(77,	1,	25,	'0',	'2018-01-07',	'1',	'2018-02-07'),
(78,	4,	25,	'0',	'2018-01-07',	'1',	'0000-00-00'),
(79,	1,	26,	'0',	'2018-01-08',	'1',	'2018-02-08'),
(80,	2,	26,	'0',	'2018-01-08',	'1',	'0000-00-00'),
(81,	3,	26,	'0',	'2018-01-08',	'1',	'0000-00-00'),
(82,	4,	26,	'0',	'2018-01-08',	'1',	'0000-00-00');

DROP TABLE IF EXISTS `users_resource`;
CREATE TABLE `users_resource` (
  `user_res_id` int(11) NOT NULL AUTO_INCREMENT,
  `user_res_resid` int(11) DEFAULT NULL,
  `user_res_userid` int(11) DEFAULT NULL,
  `user_res_date` date NOT NULL,
  `user_res_isactive` enum('0','1','2','3') COLLATE utf8_bin NOT NULL DEFAULT '0' COMMENT '0=>pending,1=>approved,2=>rejected,3=>Expired',
  PRIMARY KEY (`user_res_id`),
  KEY `user_res_resid` (`user_res_resid`,`user_res_userid`),
  KEY `user_res_userid` (`user_res_userid`),
  CONSTRAINT `users_resource_ibfk_1` FOREIGN KEY (`user_res_resid`) REFERENCES `resource` (`res_id`) ON DELETE CASCADE,
  CONSTRAINT `users_resource_ibfk_2` FOREIGN KEY (`user_res_userid`) REFERENCES `users` (`user_id`) ON DELETE CASCADE
) ENGINE=InnoDB DEFAULT CHARSET=utf8 COLLATE=utf8_bin;

INSERT INTO `users_resource` (`user_res_id`, `user_res_resid`, `user_res_userid`, `user_res_date`, `user_res_isactive`) VALUES
(1,	1,	3,	'2018-01-03',	'2'),
(7,	1,	12,	'2018-01-05',	'0'),
(9,	1,	22,	'2018-01-05',	'2'),
(14,	1,	15,	'2018-01-05',	'0'),
(15,	1,	3,	'2018-01-05',	'0'),
(16,	1,	22,	'2018-01-06',	'0');

DROP TABLE IF EXISTS `user_transfer`;
CREATE TABLE `user_transfer` (
  `user_trans_id` int(11) NOT NULL AUTO_INCREMENT,
  `user_trans_userid` int(11) DEFAULT NULL,
  `user_trans_amount` float(25,2) NOT NULL,
  `user_trans_currency` enum('0','1') COLLATE utf8_bin NOT NULL DEFAULT '0' COMMENT '0=>usd,1=>cad',
  `user_trans_method` enum('1','2','3') COLLATE utf8_bin NOT NULL DEFAULT '1' COMMENT '1=>wire transfer,2=>check,3=>interac e transfer',
  `user_trans_type` enum('0','1') COLLATE utf8_bin NOT NULL DEFAULT '0' COMMENT '0=>deposit,1=>withdraw',
  `user_trans_note` enum('0','1') COLLATE utf8_bin NOT NULL DEFAULT '0' COMMENT '0=>not seen note,1=>seen note',
  `user_trans_verify` enum('0','1') COLLATE utf8_bin NOT NULL DEFAULT '0' COMMENT '0=>not verified,1=>verified',
  `user_trans_date` datetime NOT NULL COMMENT 'transfer date',
  PRIMARY KEY (`user_trans_id`),
  KEY `user_trans_userid` (`user_trans_userid`),
  CONSTRAINT `user_transfer_ibfk_1` FOREIGN KEY (`user_trans_userid`) REFERENCES `users` (`user_id`) ON DELETE CASCADE
) ENGINE=InnoDB DEFAULT CHARSET=utf8 COLLATE=utf8_bin;

INSERT INTO `user_transfer` (`user_trans_id`, `user_trans_userid`, `user_trans_amount`, `user_trans_currency`, `user_trans_method`, `user_trans_type`, `user_trans_note`, `user_trans_verify`, `user_trans_date`) VALUES
(1,	3,	500.00,	'0',	'1',	'0',	'1',	'0',	'2017-12-29 06:04:44'),
(2,	3,	100.00,	'1',	'2',	'0',	'1',	'0',	'2017-12-29 06:08:44'),
(3,	3,	200.00,	'0',	'2',	'0',	'1',	'0',	'2017-12-29 06:34:46'),
(4,	3,	300.00,	'0',	'2',	'0',	'0',	'0',	'2017-12-29 06:35:26'),
(5,	3,	1000.00,	'0',	'2',	'0',	'1',	'0',	'2017-12-29 06:36:34'),
(6,	3,	300.00,	'0',	'2',	'0',	'1',	'1',	'2017-12-29 06:37:04'),
(7,	3,	1000.00,	'0',	'3',	'0',	'1',	'1',	'2017-12-29 06:45:06'),
(8,	3,	1000.00,	'0',	'2',	'1',	'1',	'1',	'2017-12-29 06:46:53'),
(9,	22,	500.00,	'0',	'1',	'0',	'1',	'1',	'2017-12-29 21:42:07'),
(10,	22,	50000000.00,	'0',	'2',	'0',	'1',	'1',	'2017-12-29 21:52:59'),
(11,	22,	100.00,	'0',	'3',	'0',	'1',	'0',	'2017-12-29 22:12:48'),
(12,	22,	100.00,	'0',	'3',	'0',	'0',	'1',	'2017-12-29 22:15:36'),
(13,	22,	100.00,	'0',	'3',	'0',	'0',	'1',	'2017-12-29 22:16:00'),
(14,	22,	700.00,	'0',	'1',	'1',	'1',	'1',	'2017-12-29 22:23:46'),
(15,	22,	40000000.00,	'0',	'2',	'1',	'1',	'1',	'2017-12-29 22:28:24'),
(16,	22,	50000.00,	'0',	'1',	'1',	'1',	'1',	'2017-12-29 22:29:21'),
(17,	22,	10000000.00,	'0',	'2',	'1',	'1',	'1',	'2017-12-29 22:38:01'),
(18,	22,	50000.00,	'0',	'1',	'0',	'1',	'1',	'2017-12-29 22:39:55'),
(19,	22,	500.00,	'0',	'1',	'0',	'1',	'1',	'2017-12-29 23:50:10'),
(20,	22,	100.00,	'0',	'3',	'0',	'0',	'0',	'2017-12-29 23:55:59'),
(21,	3,	100.00,	'0',	'1',	'0',	'1',	'0',	'2017-12-30 01:02:47'),
(22,	3,	100.00,	'0',	'2',	'0',	'1',	'0',	'2017-12-30 01:05:01'),
(23,	3,	100.00,	'0',	'3',	'0',	'0',	'0',	'2017-12-30 01:05:21'),
(24,	3,	100.00,	'0',	'3',	'0',	'1',	'0',	'2017-12-30 01:06:43'),
(25,	22,	500.00,	'0',	'1',	'0',	'1',	'0',	'2017-12-30 02:44:07'),
(26,	3,	100.00,	'0',	'1',	'0',	'1',	'0',	'2017-12-30 02:45:27'),
(27,	22,	800.00,	'0',	'3',	'0',	'0',	'0',	'2017-12-30 02:52:56'),
(28,	3,	100.00,	'0',	'3',	'0',	'1',	'0',	'2017-12-30 02:57:33'),
(29,	3,	100.00,	'0',	'3',	'0',	'1',	'0',	'2017-12-30 02:58:32'),
(30,	3,	100.00,	'0',	'2',	'0',	'1',	'0',	'2017-12-30 02:58:43'),
(31,	3,	100.00,	'0',	'1',	'0',	'1',	'0',	'2017-12-30 02:58:53'),
(32,	22,	650.00,	'0',	'3',	'0',	'1',	'1',	'2017-12-30 03:01:06'),
(33,	22,	500.00,	'0',	'3',	'0',	'1',	'1',	'2017-12-30 03:02:27'),
(34,	15,	2500.00,	'0',	'1',	'0',	'1',	'0',	'2017-12-30 14:55:19'),
(35,	15,	5000.00,	'0',	'1',	'0',	'1',	'0',	'2017-12-30 15:29:00'),
(36,	15,	500.00,	'1',	'1',	'0',	'1',	'0',	'2018-01-01 22:40:12'),
(37,	15,	5000.00,	'0',	'1',	'1',	'1',	'0',	'2018-01-01 22:41:45'),
(38,	15,	5000.00,	'0',	'1',	'0',	'1',	'0',	'2018-01-02 00:39:16'),
(39,	15,	5000.00,	'0',	'1',	'0',	'1',	'0',	'2018-01-02 01:00:08'),
(40,	3,	100.00,	'0',	'1',	'0',	'1',	'1',	'2018-01-03 06:21:09'),
(41,	3,	500.00,	'0',	'2',	'0',	'1',	'1',	'2018-01-03 06:23:11'),
(42,	3,	300.00,	'0',	'1',	'1',	'1',	'1',	'2018-01-03 06:23:48'),
(43,	3,	523.00,	'1',	'1',	'0',	'1',	'0',	'2018-01-04 04:03:03'),
(44,	22,	600.00,	'1',	'3',	'0',	'1',	'1',	'2018-01-05 00:41:56'),
(45,	22,	200.00,	'0',	'1',	'0',	'1',	'1',	'2018-01-05 00:57:45'),
(46,	22,	50.00,	'0',	'1',	'0',	'1',	'1',	'2018-01-05 01:02:13'),
(47,	22,	1700.00,	'0',	'1',	'0',	'1',	'1',	'2018-01-05 01:04:42'),
(48,	12,	300.00,	'0',	'1',	'1',	'1',	'1',	'2018-01-05 01:06:39'),
(49,	12,	500.00,	'0',	'1',	'0',	'1',	'1',	'2018-01-05 01:07:33'),
(50,	22,	300.00,	'0',	'2',	'0',	'1',	'1',	'2018-01-05 01:33:23'),
(51,	22,	100.00,	'0',	'1',	'0',	'1',	'0',	'2018-01-05 01:35:12'),
(52,	3,	60.00,	'0',	'3',	'0',	'1',	'0',	'2018-01-05 04:27:48'),
(53,	15,	5000.00,	'0',	'1',	'1',	'1',	'0',	'2018-01-05 12:57:06'),
(54,	15,	5000.00,	'0',	'3',	'0',	'1',	'1',	'2018-01-05 13:58:08'),
(55,	15,	4000.00,	'0',	'1',	'1',	'1',	'0',	'2018-01-05 13:59:14'),
(56,	3,	100.00,	'0',	'3',	'0',	'1',	'0',	'2018-01-05 23:14:41'),
(57,	3,	100.00,	'0',	'3',	'1',	'1',	'0',	'2018-01-05 23:16:19'),
(58,	22,	500.00,	'0',	'1',	'1',	'1',	'0',	'2018-01-06 00:19:43'),
(59,	22,	1500.00,	'0',	'3',	'1',	'1',	'0',	'2018-01-06 00:23:58'),
(60,	22,	100.00,	'0',	'1',	'0',	'1',	'0',	'2018-01-06 00:25:22'),
(61,	24,	100.00,	'1',	'1',	'0',	'1',	'0',	'2018-01-06 20:12:50'),
(62,	15,	5000.00,	'0',	'1',	'1',	'1',	'1',	'2018-01-14 21:50:54'),
(63,	15,	3000.00,	'1',	'2',	'0',	'1',	'1',	'2018-01-14 21:57:39'),
(64,	15,	2000.00,	'1',	'1',	'1',	'1',	'1',	'2018-01-14 22:16:01');

-- 2018-01-15 23:20:48
